,timestamp,event,duration,deviceId,copyKind,payload,bandwidth,pkt_src,pkt_dst,pid,tid,name,category
0,1545575264.300698,11217,1e-06,1,1,112,0.11227999999999999,0,1,1,7,[gpu1]CUDA_COPY_H2D_112B,0
1,1545575265.222427,29491217,2.4e-05,1,1,294912,11.353266,0,1,1,7,[gpu1]CUDA_COPY_H2D_294912B,0
2,1545575265.22246,963379217,0.00074,1,1,9633792,12.127862,0,1,1,14,[gpu1]CUDA_COPY_H2D_9633792B,0
3,1545575265.223203,963379217,0.0007570000000000001,1,1,9633792,11.853538,0,1,1,14,[gpu1]CUDA_COPY_H2D_9633792B,0
4,1545575265.223964,17,0.001695,1,0,0,0.0,0,0,1,14,[gpu1]maxwell_dgemm_64x64_nn,0
5,1545575265.2256641,963379217,0.000752,1,2,9633792,11.93833,1,0,1,14,[gpu1]CUDA_COPY_D2H_9633792B,0
6,1545575265.249763,117964817,9e-05,1,1,1179648,12.144017,0,1,1,7,[gpu1]CUDA_COPY_H2D_1179648B,0
7,1545575265.249859,1651507217,0.001334,1,1,16515072,11.53326,0,1,1,14,[gpu1]CUDA_COPY_H2D_16515072B,0
8,1545575265.2511961,1651507217,0.001315,1,1,16515072,11.692354,0,1,1,14,[gpu1]CUDA_COPY_H2D_16515072B,0
9,1545575265.2525141,235929617,0.000182,1,1,2359296,12.050244000000001,0,1,1,15,[gpu1]CUDA_COPY_H2D_2359296B,0
10,1545575265.252523,17,0.00556,1,0,0,0.0,0,0,1,14,[gpu1]maxwell_dgemm_64x64_nn,0
11,1545575265.2527,235929617,0.000182,1,1,2359296,12.065132,0,1,1,15,[gpu1]CUDA_COPY_H2D_2359296B,0
12,1545575265.256972,17,0.002205,1,0,0,0.0,0,0,1,15,[gpu1]maxwell_dgemm_64x64_nn,0
13,1545575265.258088,1651507217,0.001294,1,2,16515072,11.885491,1,0,1,14,[gpu1]CUDA_COPY_D2H_16515072B,0
14,1545575265.2593858,235929617,0.00020099999999999998,1,2,2359296,10.942176,1,0,1,15,[gpu1]CUDA_COPY_D2H_2359296B,0
15,1545575265.282773,29491217,2.4e-05,1,1,294912,11.5826,0,1,1,7,[gpu1]CUDA_COPY_H2D_294912B,0
16,1545575265.2828019,825753617,0.000644,1,1,8257536,11.944258,0,1,1,14,[gpu1]CUDA_COPY_H2D_8257536B,0
17,1545575265.283449,825753617,0.00065,1,1,8257536,11.837203,0,1,1,14,[gpu1]CUDA_COPY_H2D_8257536B,0
18,1545575265.284103,17,0.0016870000000000001,1,0,0,0.0,0,0,1,14,[gpu1]maxwell_dgemm_64x64_nn,0
19,1545575265.285794,825753617,0.00065,1,2,8257536,11.833688,1,0,1,14,[gpu1]CUDA_COPY_D2H_8257536B,0
20,1545575265.348521,471859217,0.000362,1,1,4718592,12.142977,0,1,1,7,[gpu1]CUDA_COPY_H2D_4718592B,0
21,1545575265.3488882,3145728017,0.00245,1,1,31457280,11.959187,0,1,1,14,[gpu1]CUDA_COPY_H2D_31457280B,0
22,1545575265.351341,17,0.000162,1,0,0,0.0,0,0,1,14,[gpu1]void trsm_left_kernel<double,0
23,1545575265.3515038,17,0.000196,1,0,0,0.0,0,0,1,14,[gpu1]maxwell_dgemm_64x64_nn,0
24,1545575265.3517,17,0.00015900000000000002,1,0,0,0.0,0,0,1,14,[gpu1]void trsm_left_kernel<double,0
25,1545575265.35186,17,0.000762,1,0,0,0.0,0,0,1,14,[gpu1]maxwell_dgemm_64x64_nn,0
26,1545575265.352622,17,0.000171,1,0,0,0.0,0,0,1,14,[gpu1]void trsm_left_kernel<double,0
27,1545575265.352794,17,0.000196,1,0,0,0.0,0,0,1,14,[gpu1]maxwell_dgemm_64x64_nn,0
28,1545575265.3529902,17,0.00015900000000000002,1,0,0,0.0,0,0,1,14,[gpu1]void trsm_left_kernel<double,0
29,1545575265.35315,17,0.00149,1,0,0,0.0,0,0,1,14,[gpu1]maxwell_dgemm_64x64_nn,0
30,1545575265.35464,17,0.00015900000000000002,1,0,0,0.0,0,0,1,14,[gpu1]void trsm_left_kernel<double,0
31,1545575265.3548,17,0.000196,1,0,0,0.0,0,0,1,14,[gpu1]maxwell_dgemm_64x64_nn,0
32,1545575265.3549972,17,0.00016999999999999999,1,0,0,0.0,0,0,1,14,[gpu1]void trsm_left_kernel<double,0
33,1545575265.3551679,17,0.002219,1,0,0,0.0,0,0,1,14,[gpu1]maxwell_dgemm_64x64_nn,0
34,1545575265.357388,17,0.00016,1,0,0,0.0,0,0,1,14,[gpu1]void trsm_left_kernel<double,0
35,1545575265.357548,17,0.000194,1,0,0,0.0,0,0,1,14,[gpu1]maxwell_dgemm_64x64_nn,0
36,1545575265.357743,17,0.00015900000000000002,1,0,0,0.0,0,0,1,14,[gpu1]void trsm_left_kernel<double,0
37,1545575265.357903,17,0.002949,1,0,0,0.0,0,0,1,14,[gpu1]maxwell_dgemm_64x64_nn,0
38,1545575265.360853,17,0.00016,1,0,0,0.0,0,0,1,14,[gpu1]void trsm_left_kernel<double,0
39,1545575265.3610132,17,0.000195,1,0,0,0.0,0,0,1,14,[gpu1]maxwell_dgemm_64x64_nn,0
40,1545575265.361209,17,0.00015900000000000002,1,0,0,0.0,0,0,1,14,[gpu1]void trsm_left_kernel<double,0
41,1545575265.361369,63917,1e-06,1,0,639,0.66523,0,0,1,14,[gpu1][CUDA memset],0
42,1545575265.361375,17,0.0029649999999999998,1,0,0,0.0,0,0,1,14,[gpu1]maxwell_dgemm_64x64_nn,0
43,1545575265.364341,17,0.00015900000000000002,1,0,0,0.0,0,0,1,14,[gpu1]void trsm_left_kernel<double,0
44,1545575265.3645,17,0.000195,1,0,0,0.0,0,0,1,14,[gpu1]maxwell_dgemm_64x64_nn,0
45,1545575265.364696,17,0.000171,1,0,0,0.0,0,0,1,14,[gpu1]void trsm_left_kernel<double,0
46,1545575265.3648741,3145728017,0.0026780000000000003,1,2,31457280,10.938915,1,0,1,14,[gpu1]CUDA_COPY_D2H_31457280B,0
47,1545575265.371357,314572817,0.000246,1,1,3145728,11.906588000000001,0,1,1,7,[gpu1]CUDA_COPY_H2D_3145728B,0
48,1545575265.371609,524288017,0.00042300000000000004,1,1,5242880,11.541846000000001,0,1,1,16,[gpu1]CUDA_COPY_H2D_5242880B,0
49,1545575265.372035,786432017,0.00064,1,1,7864320,11.442036,0,1,1,16,[gpu1]CUDA_COPY_H2D_7864320B,0
50,1545575265.3726768,63917,1e-06,1,0,639,0.642291,0,0,1,16,[gpu1][CUDA memset],0
51,1545575265.3726802,524288017,0.00042199999999999996,1,1,5242880,11.561085,0,1,1,14,[gpu1]CUDA_COPY_H2D_5242880B,0
52,1545575265.372695,17,0.0037450000000000005,1,0,0,0.0,0,0,1,16,[gpu1]maxwell_dgemm_64x64_nn,0
53,1545575265.373106,786432017,0.00063,1,1,7864320,11.623327,0,1,1,14,[gpu1]CUDA_COPY_H2D_7864320B,0
54,1545575265.373738,63917,1e-06,1,0,639,0.9313229999999999,0,0,1,14,[gpu1][CUDA memset],0
55,1545575265.37374,524288017,0.00042199999999999996,1,1,5242880,11.568096,0,1,1,15,[gpu1]CUDA_COPY_H2D_5242880B,0
56,1545575265.374165,786432017,0.0006349999999999999,1,1,7864320,11.541273,0,1,1,15,[gpu1]CUDA_COPY_H2D_7864320B,0
57,1545575265.3748028,63917,1e-06,1,0,639,0.8869739999999999,0,0,1,15,[gpu1][CUDA memset],0
58,1545575265.3756561,17,0.003778,1,0,0,0.0,0,0,1,14,[gpu1]maxwell_dgemm_64x64_nn,0
59,1545575265.376446,524288017,0.00042199999999999996,1,2,5242880,11.557609,1,0,1,16,[gpu1]CUDA_COPY_D2H_5242880B,0
60,1545575265.376874,314572817,0.00025499999999999996,1,1,3145728,11.504128999999999,0,1,1,16,[gpu1]CUDA_COPY_H2D_3145728B,0
61,1545575265.377132,471859217,0.00040300000000000004,1,1,4718592,10.907467,0,1,1,16,[gpu1]CUDA_COPY_H2D_4718592B,0
62,1545575265.3775382,38317,1e-06,1,0,383,0.532184,0,0,1,16,[gpu1][CUDA memset],0
63,1545575265.378648,17,0.003843,1,0,0,0.0,0,0,1,15,[gpu1]maxwell_dgemm_64x64_nn,0
64,1545575265.379441,524288017,0.00042300000000000004,1,2,5242880,11.550583,1,0,1,14,[gpu1]CUDA_COPY_D2H_5242880B,0
65,1545575265.379869,524288017,0.00042300000000000004,1,1,5242880,11.534021000000001,0,1,1,14,[gpu1]CUDA_COPY_H2D_5242880B,0
66,1545575265.380295,786432017,0.0006309999999999999,1,1,7864320,11.598589,0,1,1,14,[gpu1]CUDA_COPY_H2D_7864320B,0
67,1545575265.380929,63917,1e-06,1,0,639,0.9313229999999999,0,0,1,14,[gpu1][CUDA memset],0
68,1545575265.3816981,17,0.002877,1,0,0,0.0,0,0,1,16,[gpu1]maxwell_dgemm_64x64_nn,0
69,1545575265.382498,524288017,0.000421,1,2,5242880,11.597992,1,0,1,15,[gpu1]CUDA_COPY_D2H_5242880B,0
70,1545575265.382926,524288017,0.000421,1,1,5242880,11.600636999999999,0,1,1,15,[gpu1]CUDA_COPY_H2D_5242880B,0
71,1545575265.38335,786432017,0.0006320000000000001,1,1,7864320,11.582155,0,1,1,15,[gpu1]CUDA_COPY_H2D_7864320B,0
72,1545575265.383795,17,0.003754,1,0,0,0.0,0,0,1,14,[gpu1]maxwell_dgemm_64x64_nn,0
73,1545575265.383984,63917,1e-06,1,0,639,0.517401,0,0,1,15,[gpu1][CUDA memset],0
74,1545575265.384583,314572817,0.00027400000000000005,1,2,3145728,10.691353999999999,1,0,1,16,[gpu1]CUDA_COPY_D2H_3145728B,0
75,1545575265.386818,17,0.004282,1,0,0,0.0,0,0,1,15,[gpu1]maxwell_dgemm_64x64_nn,0
76,1545575265.387556,524288017,0.00042199999999999996,1,2,5242880,11.561085,1,0,1,14,[gpu1]CUDA_COPY_D2H_5242880B,0
77,1545575265.391103,524288017,0.00041900000000000005,1,2,5242880,11.64668,1,0,1,15,[gpu1]CUDA_COPY_D2H_5242880B,0
78,1545575265.391528,314572817,0.000252,1,1,3145728,11.613577000000001,0,1,1,17,[gpu1]CUDA_COPY_H2D_3145728B,0
79,1545575265.391783,2936012817,0.0024170000000000003,1,1,29360128,11.313839,0,1,1,17,[gpu1]CUDA_COPY_H2D_29360128B,0
80,1545575265.394204,314572817,0.000292,1,1,3145728,10.032867,0,1,1,16,[gpu1]CUDA_COPY_H2D_3145728B,0
81,1545575265.394209,17,0.017932,1,0,0,0.0,0,0,1,17,[gpu1]maxwell_dgemm_64x64_nn,0
82,1545575265.394499,2936012817,0.002463,1,1,29360128,11.103457,0,1,1,16,[gpu1]CUDA_COPY_H2D_29360128B,0
83,1545575265.396965,314572817,0.000301,1,1,3145728,9.719716,0,1,1,14,[gpu1]CUDA_COPY_H2D_3145728B,0
84,1545575265.39727,2936012817,0.00243,1,1,29360128,11.254828,0,1,1,14,[gpu1]CUDA_COPY_H2D_29360128B,0
85,1545575265.399703,314572817,0.00025299999999999997,1,1,3145728,11.593035,0,1,1,15,[gpu1]CUDA_COPY_H2D_3145728B,0
86,1545575265.399959,2936012817,0.0024,1,1,29360128,11.392123,0,1,1,15,[gpu1]CUDA_COPY_H2D_29360128B,0
87,1545575265.411884,17,0.018182,1,0,0,0.0,0,0,1,16,[gpu1]maxwell_dgemm_64x64_nn,0
88,1545575265.412145,2936012817,0.0022949999999999997,1,2,29360128,11.912925999999999,1,0,1,17,[gpu1]CUDA_COPY_D2H_29360128B,0
89,1545575265.414445,314572817,0.000252,1,1,3145728,11.646125,0,1,1,17,[gpu1]CUDA_COPY_H2D_3145728B,0
90,1545575265.4147,2936012817,0.002418,1,1,29360128,11.307256,0,1,1,17,[gpu1]CUDA_COPY_H2D_29360128B,0
91,1545575265.429554,17,0.017677000000000002,1,0,0,0.0,0,0,1,14,[gpu1]maxwell_dgemm_64x64_nn,0
92,1545575265.430069,2936012817,0.002333,1,2,29360128,11.71947,1,0,1,16,[gpu1]CUDA_COPY_D2H_29360128B,0
93,1545575265.432409,314572817,0.000254,1,1,3145728,11.554947,0,1,1,16,[gpu1]CUDA_COPY_H2D_3145728B,0
94,1545575265.432665,2936012817,0.002477,1,1,29360128,11.037763,0,1,1,16,[gpu1]CUDA_COPY_H2D_29360128B,0
95,1545575265.4466212,17,0.016918,1,0,0,0.0,0,0,1,15,[gpu1]maxwell_dgemm_64x64_nn,0
96,1545575265.44725,2936012817,0.002353,1,2,29360128,11.619233,1,0,1,14,[gpu1]CUDA_COPY_D2H_29360128B,0
97,1545575265.449612,314572817,0.000286,1,1,3145728,10.241657,0,1,1,14,[gpu1]CUDA_COPY_H2D_3145728B,0
98,1545575265.4499009,2936012817,0.002412,1,1,29360128,11.3347,0,1,1,14,[gpu1]CUDA_COPY_H2D_29360128B,0
99,1545575265.46292,17,0.016928,1,0,0,0.0,0,0,1,17,[gpu1]maxwell_dgemm_64x64_nn,0
100,1545575265.4635491,2936012817,0.002382,1,2,29360128,11.477821,1,0,1,15,[gpu1]CUDA_COPY_D2H_29360128B,0
101,1545575265.465937,314572817,0.000258,1,1,3145728,11.354322,0,1,1,15,[gpu1]CUDA_COPY_H2D_3145728B,0
102,1545575265.466197,2936012817,0.002427,1,1,29360128,11.267739,0,1,1,15,[gpu1]CUDA_COPY_H2D_29360128B,0
103,1545575265.479223,17,0.016934,1,0,0,0.0,0,0,1,16,[gpu1]maxwell_dgemm_64x64_nn,0
104,1545575265.4798539,2936012817,0.002328,1,2,29360128,11.746697,1,0,1,17,[gpu1]CUDA_COPY_D2H_29360128B,0
105,1545575265.495526,17,0.016943,1,0,0,0.0,0,0,1,14,[gpu1]maxwell_dgemm_64x64_nn,0
106,1545575265.496159,2936012817,0.002395,1,2,29360128,11.417091000000001,1,0,1,16,[gpu1]CUDA_COPY_D2H_29360128B,0
107,1545575265.49856,157286417,0.000127,1,1,1572864,11.576864,0,1,1,16,[gpu1]CUDA_COPY_H2D_1572864B,0
108,1545575265.4986892,1468006417,0.001187,1,1,14680064,11.515097,0,1,1,16,[gpu1]CUDA_COPY_H2D_14680064B,0
109,1545575265.511829,17,0.016937999999999998,1,0,0,0.0,0,0,1,15,[gpu1]maxwell_dgemm_64x64_nn,0
110,1545575265.512476,2936012817,0.002299,1,2,29360128,11.895507,1,0,1,14,[gpu1]CUDA_COPY_D2H_29360128B,0
111,1545575265.51478,314572817,0.00024900000000000004,1,1,3145728,11.761325999999999,0,1,1,14,[gpu1]CUDA_COPY_H2D_3145728B,0
112,1545575265.515032,2936012817,0.002427,1,1,29360128,11.265506,0,1,1,14,[gpu1]CUDA_COPY_H2D_29360128B,0
113,1545575265.528128,17,0.008792,1,0,0,0.0,0,0,1,16,[gpu1]maxwell_dgemm_64x64_nn,0
114,1545575265.528769,2936012817,0.002355,1,2,29360128,11.611491000000001,1,0,1,15,[gpu1]CUDA_COPY_D2H_29360128B,0
115,1545575265.5311348,314572817,0.000262,1,1,3145728,11.176894,0,1,1,15,[gpu1]CUDA_COPY_H2D_3145728B,0
116,1545575265.531399,2936012817,0.002343,1,1,29360128,11.667941,0,1,1,15,[gpu1]CUDA_COPY_H2D_29360128B,0
117,1545575265.536275,17,0.016901,1,0,0,0.0,0,0,1,14,[gpu1]maxwell_dgemm_64x64_nn,0
118,1545575265.536923,1468006417,0.001173,1,2,14680064,11.653928,1,0,1,16,[gpu1]CUDA_COPY_D2H_14680064B,0
119,1545575265.552413,17,0.017001,1,0,0,0.0,0,0,1,15,[gpu1]maxwell_dgemm_64x64_nn,0
120,1545575265.553184,2936012817,0.002288,1,2,29360128,11.948407000000001,1,0,1,14,[gpu1]CUDA_COPY_D2H_29360128B,0
121,1545575265.569418,2936012817,0.002348,1,2,29360128,11.647742,1,0,1,15,[gpu1]CUDA_COPY_D2H_29360128B,0
122,1545575265.681127,29491217,2.4e-05,1,1,294912,11.489571,0,1,1,7,[gpu1]CUDA_COPY_H2D_294912B,0
123,1545575265.6811562,747110417,0.000605,1,1,7471104,11.496982000000001,0,1,1,14,[gpu1]CUDA_COPY_H2D_7471104B,0
124,1545575265.6817641,747110417,0.000597,1,1,7471104,11.659759,0,1,1,14,[gpu1]CUDA_COPY_H2D_7471104B,0
125,1545575265.682408,17,0.001193,1,0,0,0.0,0,0,1,14,[gpu1]maxwell_dgemm_64x64_nn,0
126,1545575265.6836052,747110417,0.0005679999999999999,1,2,7471104,12.257242999999999,1,0,1,14,[gpu1]CUDA_COPY_D2H_7471104B,0
127,1545575265.705539,117964817,9e-05,1,1,1179648,12.156918,0,1,1,7,[gpu1]CUDA_COPY_H2D_1179648B,0
128,1545575265.705635,1651507217,0.001332,1,1,16515072,11.551007,0,1,1,14,[gpu1]CUDA_COPY_H2D_16515072B,0
129,1545575265.706969,1651507217,0.0013050000000000002,1,1,16515072,11.789568,0,1,1,14,[gpu1]CUDA_COPY_H2D_16515072B,0
130,1545575265.70828,17,0.004666,1,0,0,0.0,0,0,1,14,[gpu1]maxwell_dgemm_64x64_nn,0
131,1545575265.712952,1651507217,0.001254,1,2,16515072,12.266485000000001,1,0,1,14,[gpu1]CUDA_COPY_D2H_16515072B,0
132,1545575265.735051,29491217,2.4e-05,1,1,294912,11.614436999999999,0,1,1,7,[gpu1]CUDA_COPY_H2D_294912B,0
133,1545575265.73508,727449617,0.0005690000000000001,1,1,7274496,11.912503,0,1,1,14,[gpu1]CUDA_COPY_H2D_7274496B,0
134,1545575265.735651,727449617,0.000554,1,1,7274496,12.226241,0,1,1,14,[gpu1]CUDA_COPY_H2D_7274496B,0
135,1545575265.736209,17,0.000959,1,0,0,0.0,0,0,1,14,[gpu1]maxwell_dgemm_64x64_nn,0
136,1545575265.73717,727449617,0.000573,1,2,7274496,11.829303,1,0,1,14,[gpu1]CUDA_COPY_D2H_7274496B,0
137,1545575265.791652,471859217,0.000362,1,1,4718592,12.145158,0,1,1,7,[gpu1]CUDA_COPY_H2D_4718592B,0
138,1545575265.792019,2870476817,0.002218,1,1,28704768,12.050398,0,1,1,14,[gpu1]CUDA_COPY_H2D_28704768B,0
139,1545575265.7942472,17,0.000123,1,0,0,0.0,0,0,1,14,[gpu1]void trsm_left_kernel<double,0
140,1545575265.7943711,17,0.00016299999999999998,1,0,0,0.0,0,0,1,14,[gpu1]maxwell_dgemm_64x64_nn,0
141,1545575265.794534,17,0.000122,1,0,0,0.0,0,0,1,14,[gpu1]void trsm_left_kernel<double,0
142,1545575265.794656,17,0.000638,1,0,0,0.0,0,0,1,14,[gpu1]maxwell_dgemm_64x64_nn,0
143,1545575265.795295,17,0.000123,1,0,0,0.0,0,0,1,14,[gpu1]void trsm_left_kernel<double,0
144,1545575265.795418,17,0.000162,1,0,0,0.0,0,0,1,14,[gpu1]maxwell_dgemm_64x64_nn,0
145,1545575265.795581,17,0.000122,1,0,0,0.0,0,0,1,14,[gpu1]void trsm_left_kernel<double,0
146,1545575265.795703,17,0.00125,1,0,0,0.0,0,0,1,14,[gpu1]maxwell_dgemm_64x64_nn,0
147,1545575265.796954,17,0.000123,1,0,0,0.0,0,0,1,14,[gpu1]void trsm_left_kernel<double,0
148,1545575265.797077,17,0.00016299999999999998,1,0,0,0.0,0,0,1,14,[gpu1]maxwell_dgemm_64x64_nn,0
149,1545575265.79724,17,0.000121,1,0,0,0.0,0,0,1,14,[gpu1]void trsm_left_kernel<double,0
150,1545575265.7973619,17,0.00186,1,0,0,0.0,0,0,1,14,[gpu1]maxwell_dgemm_64x64_nn,0
151,1545575265.799222,17,0.000122,1,0,0,0.0,0,0,1,14,[gpu1]void trsm_left_kernel<double,0
152,1545575265.799345,17,0.00016299999999999998,1,0,0,0.0,0,0,1,14,[gpu1]maxwell_dgemm_64x64_nn,0
153,1545575265.799509,17,0.000121,1,0,0,0.0,0,0,1,14,[gpu1]void trsm_left_kernel<double,0
154,1545575265.7996302,17,0.002472,1,0,0,0.0,0,0,1,14,[gpu1]maxwell_dgemm_64x64_nn,0
155,1545575265.802103,17,0.000123,1,0,0,0.0,0,0,1,14,[gpu1]void trsm_left_kernel<double,0
156,1545575265.802226,17,0.000162,1,0,0,0.0,0,0,1,14,[gpu1]maxwell_dgemm_64x64_nn,0
157,1545575265.8023891,17,0.000121,1,0,0,0.0,0,0,1,14,[gpu1]void trsm_left_kernel<double,0
158,1545575265.802516,58417,1e-06,1,0,584,0.653717,0,0,1,14,[gpu1][CUDA memset],0
159,1545575265.802524,17,0.002484,1,0,0,0.0,0,0,1,14,[gpu1]maxwell_dgemm_64x64_nn,0
160,1545575265.805008,17,0.000122,1,0,0,0.0,0,0,1,14,[gpu1]void trsm_left_kernel<double,0
161,1545575265.805131,17,0.00016299999999999998,1,0,0,0.0,0,0,1,14,[gpu1]maxwell_dgemm_64x64_nn,0
162,1545575265.805294,17,0.000122,1,0,0,0.0,0,0,1,14,[gpu1]void trsm_left_kernel<double,0
163,1545575265.805424,2870476817,0.0022949999999999997,1,2,28704768,11.649936,1,0,1,14,[gpu1]CUDA_COPY_D2H_28704768B,0
164,1545575265.810792,314572817,0.000245,1,1,3145728,11.950104,0,1,1,7,[gpu1]CUDA_COPY_H2D_3145728B,0
165,1545575265.811042,524288017,0.00042199999999999996,1,1,5242880,11.581266000000001,0,1,1,16,[gpu1]CUDA_COPY_H2D_5242880B,0
166,1545575265.811466,786432017,0.0006580000000000001,1,1,7864320,11.125013000000001,0,1,1,16,[gpu1]CUDA_COPY_H2D_7864320B,0
167,1545575265.8121269,63917,1e-06,1,0,639,1.0348030000000001,0,0,1,16,[gpu1][CUDA memset],0
168,1545575265.812129,524288017,0.00042199999999999996,1,1,5242880,11.583052,0,1,1,14,[gpu1]CUDA_COPY_H2D_5242880B,0
169,1545575265.812145,17,0.003137,1,0,0,0.0,0,0,1,16,[gpu1]maxwell_dgemm_64x64_nn,0
170,1545575265.812554,786432017,0.000648,1,1,7864320,11.306366,0,1,1,14,[gpu1]CUDA_COPY_H2D_7864320B,0
171,1545575265.8132038,63917,1e-06,1,0,639,1.0348030000000001,0,0,1,14,[gpu1][CUDA memset],0
172,1545575265.813206,524288017,0.000429,1,1,5242880,11.376623,0,1,1,15,[gpu1]CUDA_COPY_H2D_5242880B,0
173,1545575265.813638,786432017,0.000633,1,1,7864320,11.579225,0,1,1,15,[gpu1]CUDA_COPY_H2D_7864320B,0
174,1545575265.814273,63917,1e-06,1,0,639,0.98034,0,0,1,15,[gpu1][CUDA memset],0
175,1545575265.814628,17,0.003145,1,0,0,0.0,0,0,1,14,[gpu1]maxwell_dgemm_64x64_nn,0
176,1545575265.815294,524288017,0.00040899999999999997,1,2,5242880,11.944842,1,0,1,16,[gpu1]CUDA_COPY_D2H_5242880B,0
177,1545575265.8171198,17,0.003128,1,0,0,0.0,0,0,1,15,[gpu1]maxwell_dgemm_64x64_nn,0
178,1545575265.817777,524288017,0.00041,1,2,5242880,11.918717,1,0,1,14,[gpu1]CUDA_COPY_D2H_5242880B,0
179,1545575265.818192,524288017,0.000443,1,1,5242880,11.032759,0,1,1,14,[gpu1]CUDA_COPY_H2D_5242880B,0
180,1545575265.818638,786432017,0.0006349999999999999,1,1,7864320,11.534294000000001,0,1,1,14,[gpu1]CUDA_COPY_H2D_7864320B,0
181,1545575265.819275,63917,1e-06,1,0,639,0.8869739999999999,0,0,1,14,[gpu1][CUDA memset],0
182,1545575265.819623,17,0.0037090000000000005,1,0,0,0.0,0,0,1,14,[gpu1]maxwell_dgemm_64x64_nn,0
183,1545575265.820253,524288017,0.00040899999999999997,1,2,5242880,11.925238,1,0,1,15,[gpu1]CUDA_COPY_D2H_5242880B,0
184,1545575265.820668,524288017,0.000424,1,1,5242880,11.525282,0,1,1,15,[gpu1]CUDA_COPY_H2D_5242880B,0
185,1545575265.821095,786432017,0.000633,1,1,7864320,11.566352,0,1,1,15,[gpu1]CUDA_COPY_H2D_7864320B,0
186,1545575265.8217301,63917,1e-06,1,0,639,0.9313229999999999,0,0,1,15,[gpu1][CUDA memset],0
187,1545575265.822676,17,0.003113,1,0,0,0.0,0,0,1,15,[gpu1]maxwell_dgemm_64x64_nn,0
188,1545575265.823336,524288017,0.00040899999999999997,1,2,5242880,11.933603,1,0,1,14,[gpu1]CUDA_COPY_D2H_5242880B,0
189,1545575265.8257961,524288017,0.00040899999999999997,1,2,5242880,11.949519,1,0,1,15,[gpu1]CUDA_COPY_D2H_5242880B,0
190,1545575265.8262188,314572817,0.000254,1,1,3145728,11.538927000000001,0,1,1,17,[gpu1]CUDA_COPY_H2D_3145728B,0
191,1545575265.8264759,2621440017,0.002131,1,1,26214400,11.457268,0,1,1,17,[gpu1]CUDA_COPY_H2D_26214400B,0
192,1545575265.82861,314572817,0.00025299999999999997,1,1,3145728,11.598864,0,1,1,16,[gpu1]CUDA_COPY_H2D_3145728B,0
193,1545575265.828611,17,0.014819999999999998,1,0,0,0.0,0,0,1,17,[gpu1]maxwell_dgemm_64x64_nn,0
194,1545575265.828865,2621440017,0.002105,1,1,26214400,11.599408,0,1,1,16,[gpu1]CUDA_COPY_H2D_26214400B,0
195,1545575265.8309731,314572817,0.000251,1,1,3145728,11.649088,0,1,1,14,[gpu1]CUDA_COPY_H2D_3145728B,0
196,1545575265.831227,2621440017,0.002129,1,1,26214400,11.466566,0,1,1,14,[gpu1]CUDA_COPY_H2D_26214400B,0
197,1545575265.833361,314572817,0.000251,1,1,3145728,11.67583,0,1,1,15,[gpu1]CUDA_COPY_H2D_3145728B,0
198,1545575265.833614,2621440017,0.002166,1,1,26214400,11.273574,0,1,1,15,[gpu1]CUDA_COPY_H2D_26214400B,0
199,1545575265.841579,17,0.014815,1,0,0,0.0,0,0,1,16,[gpu1]maxwell_dgemm_64x64_nn,0
200,1545575265.843436,2621440017,0.002023,1,2,26214400,12.066308,1,0,1,17,[gpu1]CUDA_COPY_D2H_26214400B,0
201,1545575265.8454711,314572817,0.000251,1,1,3145728,11.650571000000001,0,1,1,17,[gpu1]CUDA_COPY_H2D_3145728B,0
202,1545575265.845725,2621440017,0.0021190000000000002,1,1,26214400,11.522502000000001,0,1,1,17,[gpu1]CUDA_COPY_H2D_26214400B,0
203,1545575265.854543,17,0.014836000000000002,1,0,0,0.0,0,0,1,14,[gpu1]maxwell_dgemm_64x64_nn,0
204,1545575265.8563972,2621440017,0.002017,1,2,26214400,12.105364,1,0,1,16,[gpu1]CUDA_COPY_D2H_26214400B,0
205,1545575265.85842,314572817,0.000251,1,1,3145728,11.666902,0,1,1,16,[gpu1]CUDA_COPY_H2D_3145728B,0
206,1545575265.858674,2621440017,0.0021219999999999998,1,1,26214400,11.503565,0,1,1,16,[gpu1]CUDA_COPY_H2D_26214400B,0
207,1545575265.86753,17,0.014837999999999999,1,0,0,0.0,0,0,1,15,[gpu1]maxwell_dgemm_64x64_nn,0
208,1545575265.869381,2621440017,0.002016,1,2,26214400,12.108823,1,0,1,14,[gpu1]CUDA_COPY_D2H_26214400B,0
209,1545575265.871408,314572817,0.000252,1,1,3145728,11.643116000000001,0,1,1,14,[gpu1]CUDA_COPY_H2D_3145728B,0
210,1545575265.871662,2621440017,0.002107,1,1,26214400,11.585146,0,1,1,14,[gpu1]CUDA_COPY_H2D_26214400B,0
211,1545575265.880516,17,0.014865,1,0,0,0.0,0,0,1,17,[gpu1]maxwell_dgemm_64x64_nn,0
212,1545575265.8823721,2621440017,0.002014,1,2,26214400,12.121526,1,0,1,15,[gpu1]CUDA_COPY_D2H_26214400B,0
213,1545575265.884392,314572817,0.000252,1,1,3145728,11.626897999999999,0,1,1,15,[gpu1]CUDA_COPY_H2D_3145728B,0
214,1545575265.8846471,2621440017,0.0021190000000000002,1,1,26214400,11.523199,0,1,1,15,[gpu1]CUDA_COPY_H2D_26214400B,0
215,1545575265.893528,17,0.014872,1,0,0,0.0,0,0,1,16,[gpu1]maxwell_dgemm_64x64_nn,0
216,1545575265.895389,2621440017,0.002016,1,2,26214400,12.111514,1,0,1,17,[gpu1]CUDA_COPY_D2H_26214400B,0
217,1545575265.906657,17,0.014925999999999998,1,0,0,0.0,0,0,1,14,[gpu1]maxwell_dgemm_64x64_nn,0
218,1545575265.908401,2621440017,0.0020800000000000003,1,2,26214400,11.7388,1,0,1,16,[gpu1]CUDA_COPY_D2H_26214400B,0
219,1545575265.9211462,17,0.014847999999999998,1,0,0,0.0,0,0,1,15,[gpu1]maxwell_dgemm_64x64_nn,0
220,1545575265.921591,2621440017,0.0020510000000000003,1,2,26214400,11.902714999999999,1,0,1,14,[gpu1]CUDA_COPY_D2H_26214400B,0
221,1545575265.92365,314572817,0.000251,1,1,3145728,11.652054,0,1,1,14,[gpu1]CUDA_COPY_H2D_3145728B,0
222,1545575265.923903,2621440017,0.0021190000000000002,1,1,26214400,11.523895,0,1,1,14,[gpu1]CUDA_COPY_H2D_26214400B,0
223,1545575265.9341419,17,0.01464,1,0,0,0.0,0,0,1,14,[gpu1]maxwell_dgemm_64x64_nn,0
224,1545575265.935996,2621440017,0.002018,1,2,26214400,12.099989,1,0,1,15,[gpu1]CUDA_COPY_D2H_26214400B,0
225,1545575265.938023,314572817,0.000245,1,1,3145728,11.962644000000001,0,1,1,15,[gpu1]CUDA_COPY_H2D_3145728B,0
226,1545575265.938271,2621440017,0.002096,1,1,26214400,11.647931,0,1,1,15,[gpu1]CUDA_COPY_H2D_26214400B,0
227,1545575265.946992,17,0.014369,1,0,0,0.0,0,0,1,15,[gpu1]maxwell_dgemm_64x64_nn,0
228,1545575265.9487839,2621440017,0.002058,1,2,26214400,11.862923,1,0,1,14,[gpu1]CUDA_COPY_D2H_26214400B,0
229,1545575265.961368,2621440017,0.002027,1,2,26214400,12.045923,1,0,1,15,[gpu1]CUDA_COPY_D2H_26214400B,0
230,1545575265.987669,29491217,2.4e-05,1,1,294912,11.474212,0,1,1,7,[gpu1]CUDA_COPY_H2D_294912B,0
231,1545575265.987699,707788817,0.000575,1,1,7077888,11.460925,0,1,1,14,[gpu1]CUDA_COPY_H2D_7077888B,0
232,1545575265.988277,707788817,0.00054,1,1,7077888,12.203054,0,1,1,14,[gpu1]CUDA_COPY_H2D_7077888B,0
233,1545575265.988819,17,0.000927,1,0,0,0.0,0,0,1,14,[gpu1]maxwell_dgemm_64x64_nn,0
234,1545575265.989753,707788817,0.000557,1,2,7077888,11.843119,1,0,1,14,[gpu1]CUDA_COPY_D2H_7077888B,0
235,1545575266.011177,117964817,0.000122,1,1,1179648,8.984933999999999,0,1,1,7,[gpu1]CUDA_COPY_H2D_1179648B,0
236,1545575266.011304,1454899217,0.00116,1,1,14548992,11.680836,0,1,1,14,[gpu1]CUDA_COPY_H2D_14548992B,0
237,1545575266.012466,1454899217,0.00114,1,1,14548992,11.884105,0,1,1,14,[gpu1]CUDA_COPY_H2D_14548992B,0
238,1545575266.01365,17,0.0036369999999999996,1,0,0,0.0,0,0,1,14,[gpu1]maxwell_dgemm_64x64_nn,0
239,1545575266.017293,1454899217,0.001105,1,2,14548992,12.266607,1,0,1,14,[gpu1]CUDA_COPY_D2H_14548992B,0
240,1545575266.038094,29491217,2.4e-05,1,1,294912,11.613946,0,1,1,7,[gpu1]CUDA_COPY_H2D_294912B,0
241,1545575266.0381231,668467217,0.000521,1,1,6684672,11.959401,0,1,1,14,[gpu1]CUDA_COPY_H2D_6684672B,0
242,1545575266.038646,668467217,0.0005099999999999999,1,1,6684672,12.21012,0,1,1,14,[gpu1]CUDA_COPY_H2D_6684672B,0
243,1545575266.039163,17,0.000925,1,0,0,0.0,0,0,1,14,[gpu1]maxwell_dgemm_64x64_nn,0
244,1545575266.040091,668467217,0.000521,1,2,6684672,11.950586,1,0,1,14,[gpu1]CUDA_COPY_D2H_6684672B,0
245,1545575266.0909212,471859217,0.000363,1,1,4718592,12.112987,0,1,1,7,[gpu1]CUDA_COPY_H2D_4718592B,0
246,1545575266.091288,2595225617,0.002088,1,1,25952256,11.573333,0,1,1,14,[gpu1]CUDA_COPY_H2D_25952256B,0
247,1545575266.09338,17,0.000109,1,0,0,0.0,0,0,1,14,[gpu1]void trsm_left_kernel<double,0
248,1545575266.0934901,17,0.000157,1,0,0,0.0,0,0,1,14,[gpu1]maxwell_dgemm_64x64_nn,0
249,1545575266.093647,17,0.00010800000000000001,1,0,0,0.0,0,0,1,14,[gpu1]void trsm_left_kernel<double,0
250,1545575266.093756,17,0.00062,1,0,0,0.0,0,0,1,14,[gpu1]maxwell_dgemm_64x64_nn,0
251,1545575266.094376,17,0.00010800000000000001,1,0,0,0.0,0,0,1,14,[gpu1]void trsm_left_kernel<double,0
252,1545575266.094485,17,0.00015800000000000002,1,0,0,0.0,0,0,1,14,[gpu1]maxwell_dgemm_64x64_nn,0
253,1545575266.0946429,17,0.00010800000000000001,1,0,0,0.0,0,0,1,14,[gpu1]void trsm_left_kernel<double,0
254,1545575266.0947518,17,0.001212,1,0,0,0.0,0,0,1,14,[gpu1]maxwell_dgemm_64x64_nn,0
255,1545575266.095964,17,0.00010800000000000001,1,0,0,0.0,0,0,1,14,[gpu1]void trsm_left_kernel<double,0
256,1545575266.0960732,17,0.000157,1,0,0,0.0,0,0,1,14,[gpu1]maxwell_dgemm_64x64_nn,0
257,1545575266.096231,17,0.00010800000000000001,1,0,0,0.0,0,0,1,14,[gpu1]void trsm_left_kernel<double,0
258,1545575266.096339,17,0.001805,1,0,0,0.0,0,0,1,14,[gpu1]maxwell_dgemm_64x64_nn,0
259,1545575266.098144,17,0.000109,1,0,0,0.0,0,0,1,14,[gpu1]void trsm_left_kernel<double,0
260,1545575266.098254,17,0.000157,1,0,0,0.0,0,0,1,14,[gpu1]maxwell_dgemm_64x64_nn,0
261,1545575266.0984108,17,0.000117,1,0,0,0.0,0,0,1,14,[gpu1]void trsm_left_kernel<double,0
262,1545575266.0985289,17,0.002395,1,0,0,0.0,0,0,1,14,[gpu1]maxwell_dgemm_64x64_nn,0
263,1545575266.100925,17,0.000109,1,0,0,0.0,0,0,1,14,[gpu1]void trsm_left_kernel<double,0
264,1545575266.1010349,17,0.00015800000000000002,1,0,0,0.0,0,0,1,14,[gpu1]maxwell_dgemm_64x64_nn,0
265,1545575266.101193,17,0.00010800000000000001,1,0,0,0.0,0,0,1,14,[gpu1]void trsm_left_kernel<double,0
266,1545575266.101305,52817,1e-06,1,0,528,0.591032,0,0,1,14,[gpu1][CUDA memset],0
267,1545575266.101312,17,0.001967,1,0,0,0.0,0,0,1,14,[gpu1]maxwell_dgemm_64x64_nn,0
268,1545575266.10328,17,0.00010800000000000001,1,0,0,0.0,0,0,1,14,[gpu1]void trsm_left_kernel<double,0
269,1545575266.103389,17,0.000157,1,0,0,0.0,0,0,1,14,[gpu1]maxwell_dgemm_64x64_nn,0
270,1545575266.103547,17,0.00010800000000000001,1,0,0,0.0,0,0,1,14,[gpu1]void trsm_left_kernel<double,0
271,1545575266.1036608,2595225617,0.002073,1,2,25952256,11.660703999999999,1,0,1,14,[gpu1]CUDA_COPY_D2H_25952256B,0
272,1545575266.106607,314572817,0.000245,1,1,3145728,11.957957,0,1,1,7,[gpu1]CUDA_COPY_H2D_3145728B,0
273,1545575266.106856,524288017,0.000424,1,1,5242880,11.520061,0,1,1,16,[gpu1]CUDA_COPY_H2D_5242880B,0
274,1545575266.107283,786432017,0.0006519999999999999,1,1,7864320,11.229262,0,1,1,16,[gpu1]CUDA_COPY_H2D_7864320B,0
275,1545575266.107938,63917,1e-06,1,0,639,0.532184,0,0,1,16,[gpu1][CUDA memset],0
276,1545575266.10794,524288017,0.00042199999999999996,1,1,5242880,11.558457,0,1,1,14,[gpu1]CUDA_COPY_H2D_5242880B,0
277,1545575266.1079562,17,0.003039,1,0,0,0.0,0,0,1,16,[gpu1]maxwell_dgemm_64x64_nn,0
278,1545575266.108366,786432017,0.0006349999999999999,1,1,7864320,11.543019000000001,0,1,1,14,[gpu1]CUDA_COPY_H2D_7864320B,0
279,1545575266.1090019,63917,1e-06,1,0,639,0.9313229999999999,0,0,1,14,[gpu1][CUDA memset],0
280,1545575266.109005,524288017,0.00043200000000000004,1,1,5242880,11.296609,0,1,1,15,[gpu1]CUDA_COPY_H2D_5242880B,0
281,1545575266.10944,786432017,0.0006349999999999999,1,1,7864320,11.540691,0,1,1,15,[gpu1]CUDA_COPY_H2D_7864320B,0
282,1545575266.110076,63917,1e-06,1,0,639,0.98034,0,0,1,15,[gpu1][CUDA memset],0
283,1545575266.1103618,17,0.003025,1,0,0,0.0,0,0,1,14,[gpu1]maxwell_dgemm_64x64_nn,0
284,1545575266.111,524288017,0.000412,1,2,5242880,11.845593,1,0,1,16,[gpu1]CUDA_COPY_D2H_5242880B,0
285,1545575266.112781,17,0.003018,1,0,0,0.0,0,0,1,15,[gpu1]maxwell_dgemm_64x64_nn,0
286,1545575266.113393,524288017,0.00041,1,2,5242880,11.922443,1,0,1,14,[gpu1]CUDA_COPY_D2H_5242880B,0
287,1545575266.113814,524288017,0.00042199999999999996,1,1,5242880,11.580388000000001,0,1,1,14,[gpu1]CUDA_COPY_H2D_5242880B,0
288,1545575266.114239,786432017,0.000638,1,1,7864320,11.479913,0,1,1,14,[gpu1]CUDA_COPY_H2D_7864320B,0
289,1545575266.114879,63917,1e-06,1,0,639,0.477601,0,0,1,14,[gpu1][CUDA memset],0
290,1545575266.1152132,17,0.003564,1,0,0,0.0,0,0,1,14,[gpu1]maxwell_dgemm_64x64_nn,0
291,1545575266.115802,524288017,0.000421,1,2,5242880,11.60858,1,0,1,15,[gpu1]CUDA_COPY_D2H_5242880B,0
292,1545575266.116231,209715217,0.000188,1,1,2097152,10.409892999999999,0,1,1,15,[gpu1]CUDA_COPY_H2D_2097152B,0
293,1545575266.116421,314572817,0.000263,1,1,3145728,11.119878,0,1,1,15,[gpu1]CUDA_COPY_H2D_3145728B,0
294,1545575266.1166868,25517,1e-06,1,0,255,0.240341,0,0,1,15,[gpu1][CUDA memset],0
295,1545575266.118148,17,0.001796,1,0,0,0.0,0,0,1,15,[gpu1]maxwell_dgemm_64x64_nn,0
296,1545575266.118785,524288017,0.000408,1,2,5242880,11.955136999999999,1,0,1,14,[gpu1]CUDA_COPY_D2H_5242880B,0
297,1545575266.119949,209715217,0.00019099999999999998,1,2,2097152,10.250795,1,0,1,15,[gpu1]CUDA_COPY_D2H_2097152B,0
298,1545575266.120146,314572817,0.000264,1,1,3145728,11.110432000000001,0,1,1,17,[gpu1]CUDA_COPY_H2D_3145728B,0
299,1545575266.1204119,2306867217,0.001927,1,1,23068672,11.148749,0,1,1,17,[gpu1]CUDA_COPY_H2D_23068672B,0
300,1545575266.122342,17,0.012556999999999999,1,0,0,0.0,0,0,1,17,[gpu1]maxwell_dgemm_64x64_nn,0
301,1545575266.122343,314572817,0.00025299999999999997,1,1,3145728,11.571011,0,1,1,16,[gpu1]CUDA_COPY_H2D_3145728B,0
302,1545575266.1225991,2306867217,0.001906,1,1,23068672,11.271917,0,1,1,16,[gpu1]CUDA_COPY_H2D_23068672B,0
303,1545575266.124508,314572817,0.000252,1,1,3145728,11.626897999999999,0,1,1,14,[gpu1]CUDA_COPY_H2D_3145728B,0
304,1545575266.124763,2306867217,0.001876,1,1,23068672,11.449339,0,1,1,14,[gpu1]CUDA_COPY_H2D_23068672B,0
305,1545575266.126643,314572817,0.00025299999999999997,1,1,3145728,11.569595,0,1,1,15,[gpu1]CUDA_COPY_H2D_3145728B,0
306,1545575266.126899,2306867217,0.001877,1,1,23068672,11.445831,0,1,1,15,[gpu1]CUDA_COPY_H2D_23068672B,0
307,1545575266.133108,17,0.012556999999999999,1,0,0,0.0,0,0,1,16,[gpu1]maxwell_dgemm_64x64_nn,0
308,1545575266.134909,2306867217,0.0017850000000000001,1,2,23068672,12.038344,1,0,1,17,[gpu1]CUDA_COPY_D2H_23068672B,0
309,1545575266.136704,314572817,0.000251,1,1,3145728,11.690692,0,1,1,17,[gpu1]CUDA_COPY_H2D_3145728B,0
310,1545575266.136957,2306867217,0.00187,1,1,23068672,11.487741999999999,0,1,1,17,[gpu1]CUDA_COPY_H2D_23068672B,0
311,1545575266.143873,17,0.012568000000000001,1,0,0,0.0,0,0,1,14,[gpu1]maxwell_dgemm_64x64_nn,0
312,1545575266.145673,2306867217,0.001775,1,2,23068672,12.100833,1,0,1,16,[gpu1]CUDA_COPY_D2H_23068672B,0
313,1545575266.147461,314572817,0.00025,1,1,3145728,11.731138,0,1,1,16,[gpu1]CUDA_COPY_H2D_3145728B,0
314,1545575266.1477132,2306867217,0.0018679999999999999,1,1,23068672,11.504277,0,1,1,16,[gpu1]CUDA_COPY_H2D_23068672B,0
315,1545575266.15483,17,0.014094999999999998,1,0,0,0.0,0,0,1,15,[gpu1]maxwell_dgemm_64x64_nn,0
316,1545575266.1564481,2306867217,0.0017989999999999998,1,2,23068672,11.942199,1,0,1,14,[gpu1]CUDA_COPY_D2H_23068672B,0
317,1545575266.1582599,314572817,0.000258,1,1,3145728,11.337449000000001,0,1,1,14,[gpu1]CUDA_COPY_H2D_3145728B,0
318,1545575266.1585212,2306867217,0.0018850000000000002,1,1,23068672,11.398997999999999,0,1,1,14,[gpu1]CUDA_COPY_H2D_23068672B,0
319,1545575266.167135,17,0.012570999999999999,1,0,0,0.0,0,0,1,17,[gpu1]maxwell_dgemm_64x64_nn,0
320,1545575266.168928,2306867217,0.00182,1,2,23068672,11.807151,1,0,1,15,[gpu1]CUDA_COPY_D2H_23068672B,0
321,1545575266.170752,314572817,0.000258,1,1,3145728,11.371245,0,1,1,15,[gpu1]CUDA_COPY_H2D_3145728B,0
322,1545575266.171012,2306867217,0.001912,1,1,23068672,11.236445,0,1,1,15,[gpu1]CUDA_COPY_H2D_23068672B,0
323,1545575266.1779141,17,0.01257,1,0,0,0.0,0,0,1,16,[gpu1]maxwell_dgemm_64x64_nn,0
324,1545575266.1797109,2306867217,0.001801,1,2,23068672,11.932428999999999,1,0,1,17,[gpu1]CUDA_COPY_D2H_23068672B,0
325,1545575266.188692,17,0.013086000000000002,1,0,0,0.0,0,0,1,14,[gpu1]maxwell_dgemm_64x64_nn,0
326,1545575266.19049,2306867217,0.001808,1,2,23068672,11.882379,1,0,1,16,[gpu1]CUDA_COPY_D2H_23068672B,0
327,1545575266.201138,17,0.012591,1,0,0,0.0,0,0,1,15,[gpu1]maxwell_dgemm_64x64_nn,0
328,1545575266.20178,2306867217,0.001875,1,2,23068672,11.457936,1,0,1,14,[gpu1]CUDA_COPY_D2H_23068672B,0
329,1545575266.203659,275251217,0.000218,1,1,2752512,11.768189999999999,0,1,1,14,[gpu1]CUDA_COPY_H2D_2752512B,0
330,1545575266.2038789,2018508817,0.001605,1,1,20185088,11.714709,0,1,1,14,[gpu1]CUDA_COPY_H2D_20185088B,0
331,1545575266.2119381,17,0.011409,1,0,0,0.0,0,0,1,14,[gpu1]maxwell_dgemm_64x64_nn,0
332,1545575266.2137349,2306867217,0.0017519999999999999,1,2,23068672,12.261503999999999,1,0,1,15,[gpu1]CUDA_COPY_D2H_23068672B,0
333,1545575266.223355,2018508817,0.0015429999999999999,1,2,20185088,12.180598,1,0,1,14,[gpu1]CUDA_COPY_D2H_20185088B,0
334,1545575266.243192,29491217,2.4e-05,1,1,294912,11.505453999999999,0,1,1,7,[gpu1]CUDA_COPY_H2D_294912B,0
335,1545575266.243223,629145617,0.0005110000000000001,1,1,6291456,11.460208,0,1,1,14,[gpu1]CUDA_COPY_H2D_6291456B,0
336,1545575266.243737,629145617,0.000479,1,1,6291456,12.234406,0,1,1,14,[gpu1]CUDA_COPY_H2D_6291456B,0
337,1545575266.2442589,17,0.000924,1,0,0,0.0,0,0,1,14,[gpu1]maxwell_dgemm_64x64_nn,0
338,1545575266.2451868,629145617,0.000508,1,2,6291456,11.544042,1,0,1,14,[gpu1]CUDA_COPY_D2H_6291456B,0
339,1545575266.265456,117964817,9e-05,1,1,1179648,12.152749,0,1,1,7,[gpu1]CUDA_COPY_H2D_1179648B,0
340,1545575266.265552,1258291217,0.001004,1,1,12582912,11.672445,0,1,1,14,[gpu1]CUDA_COPY_H2D_12582912B,0
341,1545575266.266558,1258291217,0.000981,1,1,12582912,11.947022,0,1,1,14,[gpu1]CUDA_COPY_H2D_12582912B,0
342,1545575266.267545,17,0.003617,1,0,0,0.0,0,0,1,14,[gpu1]maxwell_dgemm_64x64_nn,0
343,1545575266.27117,1258291217,0.000975,1,2,12582912,12.020747,1,0,1,14,[gpu1]CUDA_COPY_D2H_12582912B,0
344,1545575266.290796,29491217,3.5e-05,1,1,294912,7.746233999999999,0,1,1,7,[gpu1]CUDA_COPY_H2D_294912B,0
345,1545575266.2908368,570163217,0.00047599999999999997,1,1,5701632,11.166494,0,1,1,14,[gpu1]CUDA_COPY_H2D_5701632B,0
346,1545575266.291315,570163217,0.000455,1,1,5701632,11.676463,0,1,1,14,[gpu1]CUDA_COPY_H2D_5701632B,0
347,1545575266.2917778,17,0.0009199999999999999,1,0,0,0.0,0,0,1,14,[gpu1]maxwell_dgemm_64x64_nn,0
348,1545575266.2927039,570163217,0.00044400000000000006,1,2,5701632,11.967867,1,0,1,14,[gpu1]CUDA_COPY_D2H_5701632B,0
349,1545575266.3353732,471859217,0.000364,1,1,4718592,12.069339999999999,0,1,1,7,[gpu1]CUDA_COPY_H2D_4718592B,0
350,1545575266.335743,2241331217,0.001757,1,1,22413312,11.881917999999999,0,1,1,14,[gpu1]CUDA_COPY_H2D_22413312B,0
351,1545575266.337508,17,0.0001,1,0,0,0.0,0,0,1,14,[gpu1]void trsm_left_kernel<double,0
352,1545575266.337609,17,0.0001,1,0,0,0.0,0,0,1,14,[gpu1]void magma_lds128_dgemm_kernel<bool=0,0
353,1545575266.337709,17,9.8e-05,1,0,0,0.0,0,0,1,14,[gpu1]void trsm_left_kernel<double,0
354,1545575266.337807,17,0.000469,1,0,0,0.0,0,0,1,14,[gpu1]maxwell_dgemm_64x64_nn,0
355,1545575266.3382769,17,9.8e-05,1,0,0,0.0,0,0,1,14,[gpu1]void trsm_left_kernel<double,0
356,1545575266.338377,17,0.00010700000000000001,1,0,0,0.0,0,0,1,14,[gpu1]void magma_lds128_dgemm_kernel<bool=0,0
357,1545575266.338484,17,9.7e-05,1,0,0,0.0,0,0,1,14,[gpu1]void trsm_left_kernel<double,0
358,1545575266.338582,17,0.0009140000000000001,1,0,0,0.0,0,0,1,14,[gpu1]maxwell_dgemm_64x64_nn,0
359,1545575266.3394961,17,9.8e-05,1,0,0,0.0,0,0,1,14,[gpu1]void trsm_left_kernel<double,0
360,1545575266.3395948,17,0.00010700000000000001,1,0,0,0.0,0,0,1,14,[gpu1]void magma_lds128_dgemm_kernel<bool=0,0
361,1545575266.339702,17,9.7e-05,1,0,0,0.0,0,0,1,14,[gpu1]void trsm_left_kernel<double,0
362,1545575266.339801,17,0.0013570000000000001,1,0,0,0.0,0,0,1,14,[gpu1]maxwell_dgemm_64x64_nn,0
363,1545575266.3411589,17,9.8e-05,1,0,0,0.0,0,0,1,14,[gpu1]void trsm_left_kernel<double,0
364,1545575266.341258,17,0.00010800000000000001,1,0,0,0.0,0,0,1,14,[gpu1]void magma_lds128_dgemm_kernel<bool=0,0
365,1545575266.341366,17,9.8e-05,1,0,0,0.0,0,0,1,14,[gpu1]void trsm_left_kernel<double,0
366,1545575266.341465,17,0.0018030000000000001,1,0,0,0.0,0,0,1,14,[gpu1]maxwell_dgemm_64x64_nn,0
367,1545575266.343268,17,9.8e-05,1,0,0,0.0,0,0,1,14,[gpu1]void trsm_left_kernel<double,0
368,1545575266.343367,17,0.00010700000000000001,1,0,0,0.0,0,0,1,14,[gpu1]void magma_lds128_dgemm_kernel<bool=0,0
369,1545575266.343474,17,9.8e-05,1,0,0,0.0,0,0,1,14,[gpu1]void trsm_left_kernel<double,0
370,1545575266.3435788,45617,1e-06,1,0,456,0.530854,0,0,1,14,[gpu1][CUDA memset],0
371,1545575266.343587,17,0.001959,1,0,0,0.0,0,0,1,14,[gpu1]maxwell_dgemm_64x64_nn,0
372,1545575266.345546,17,9.8e-05,1,0,0,0.0,0,0,1,14,[gpu1]void trsm_left_kernel<double,0
373,1545575266.345645,17,0.00010800000000000001,1,0,0,0.0,0,0,1,14,[gpu1]void magma_lds128_dgemm_kernel<bool=0,0
374,1545575266.345754,17,9.7e-05,1,0,0,0.0,0,0,1,14,[gpu1]void trsm_left_kernel<double,0
375,1545575266.3458529,2241331217,0.0018149999999999998,1,2,22413312,11.501258,1,0,1,14,[gpu1]CUDA_COPY_D2H_22413312B,0
376,1545575266.350064,314572817,0.000264,1,1,3145728,11.110474,0,1,1,7,[gpu1]CUDA_COPY_H2D_3145728B,0
377,1545575266.350331,524288017,0.00045099999999999996,1,1,5242880,10.829203999999999,0,1,1,16,[gpu1]CUDA_COPY_H2D_5242880B,0
378,1545575266.350785,786432017,0.000657,1,1,7864320,11.139632,0,1,1,16,[gpu1]CUDA_COPY_H2D_7864320B,0
379,1545575266.351445,63917,1e-06,1,0,639,0.98034,0,0,1,16,[gpu1][CUDA memset],0
380,1545575266.351448,524288017,0.00042300000000000004,1,1,5242880,11.536610000000001,0,1,1,14,[gpu1]CUDA_COPY_H2D_5242880B,0
381,1545575266.351461,17,0.003038,1,0,0,0.0,0,0,1,16,[gpu1]maxwell_dgemm_64x64_nn,0
382,1545575266.351874,786432017,0.000654,1,1,7864320,11.206171000000001,0,1,1,14,[gpu1]CUDA_COPY_H2D_7864320B,0
383,1545575266.35253,63917,1e-06,1,0,639,1.0348030000000001,0,0,1,14,[gpu1][CUDA memset],0
384,1545575266.3525321,524288017,0.000424,1,1,5242880,11.519192,0,1,1,15,[gpu1]CUDA_COPY_H2D_5242880B,0
385,1545575266.352958,786432017,0.0006320000000000001,1,1,7864320,11.592713999999999,0,1,1,15,[gpu1]CUDA_COPY_H2D_7864320B,0
386,1545575266.353592,63917,1e-06,1,0,639,1.0348030000000001,0,0,1,15,[gpu1][CUDA memset],0
387,1545575266.3538651,17,0.003025,1,0,0,0.0,0,0,1,14,[gpu1]maxwell_dgemm_64x64_nn,0
388,1545575266.3545039,524288017,0.000417,1,2,5242880,11.720035000000001,1,0,1,16,[gpu1]CUDA_COPY_D2H_5242880B,0
389,1545575266.356286,17,0.003031,1,0,0,0.0,0,0,1,15,[gpu1]maxwell_dgemm_64x64_nn,0
390,1545575266.356894,524288017,0.000408,1,2,5242880,11.953234,1,0,1,14,[gpu1]CUDA_COPY_D2H_5242880B,0
391,1545575266.357314,419430417,0.000337,1,1,4194304,11.586777,0,1,1,14,[gpu1]CUDA_COPY_H2D_4194304B,0
392,1545575266.3576539,629145617,0.000503,1,1,6291456,11.652772,0,1,1,14,[gpu1]CUDA_COPY_H2D_6291456B,0
393,1545575266.358159,51117,1e-06,1,0,511,0.827842,0,0,1,14,[gpu1][CUDA memset],0
394,1545575266.358712,17,0.002954,1,0,0,0.0,0,0,1,14,[gpu1]maxwell_dgemm_64x64_nn,0
395,1545575266.359321,524288017,0.000408,1,2,5242880,11.981421000000001,1,0,1,15,[gpu1]CUDA_COPY_D2H_5242880B,0
396,1545575266.361673,419430417,0.000328,1,2,4194304,11.924058,1,0,1,14,[gpu1]CUDA_COPY_D2H_4194304B,0
397,1545575266.362006,314572817,0.000271,1,1,3145728,10.799776,0,1,1,17,[gpu1]CUDA_COPY_H2D_3145728B,0
398,1545575266.3622801,1992294417,0.0016350000000000002,1,1,19922944,11.347814999999999,0,1,1,17,[gpu1]CUDA_COPY_H2D_19922944B,0
399,1545575266.363918,17,0.010778,1,0,0,0.0,0,0,1,17,[gpu1]maxwell_dgemm_64x64_nn,0
400,1545575266.363918,314572817,0.000252,1,1,3145728,11.641636,0,1,1,16,[gpu1]CUDA_COPY_H2D_3145728B,0
401,1545575266.364173,1992294417,0.001661,1,1,19922944,11.171372,0,1,1,16,[gpu1]CUDA_COPY_H2D_19922944B,0
402,1545575266.3658369,314572817,0.000263,1,1,3145728,11.159184,0,1,1,14,[gpu1]CUDA_COPY_H2D_3145728B,0
403,1545575266.366103,1992294417,0.0016300000000000002,1,1,19922944,11.384354,0,1,1,14,[gpu1]CUDA_COPY_H2D_19922944B,0
404,1545575266.3677359,314572817,0.000251,1,1,3145728,11.657942,0,1,1,15,[gpu1]CUDA_COPY_H2D_3145728B,0
405,1545575266.36799,1992294417,0.001602,1,1,19922944,11.584978999999999,0,1,1,15,[gpu1]CUDA_COPY_H2D_19922944B,0
406,1545575266.3729038,17,0.010767,1,0,0,0.0,0,0,1,16,[gpu1]maxwell_dgemm_64x64_nn,0
407,1545575266.3746982,1992294417,0.001558,1,2,19922944,11.906372,1,0,1,17,[gpu1]CUDA_COPY_D2H_19922944B,0
408,1545575266.376262,157286417,0.000127,1,1,1572864,11.559324,0,1,1,17,[gpu1]CUDA_COPY_H2D_1572864B,0
409,1545575266.376391,996147217,0.000802,1,1,9961472,11.563031,0,1,1,17,[gpu1]CUDA_COPY_H2D_9961472B,0
410,1545575266.3819609,17,0.012440000000000001,1,0,0,0.0,0,0,1,14,[gpu1]maxwell_dgemm_64x64_nn,0
411,1545575266.383681,1992294417,0.0016120000000000002,1,2,19922944,11.511609,1,0,1,16,[gpu1]CUDA_COPY_D2H_19922944B,0
412,1545575266.3853061,314572817,0.00025,1,1,3145728,11.717672,0,1,1,16,[gpu1]CUDA_COPY_H2D_3145728B,0
413,1545575266.385559,1992294417,0.0016079999999999998,1,1,19922944,11.538633,0,1,1,16,[gpu1]CUDA_COPY_H2D_19922944B,0
414,1545575266.39261,17,0.010782,1,0,0,0.0,0,0,1,15,[gpu1]maxwell_dgemm_64x64_nn,0
415,1545575266.3944051,1992294417,0.001591,1,2,19922944,11.662104,1,0,1,14,[gpu1]CUDA_COPY_D2H_19922944B,0
416,1545575266.396006,314572817,0.00025,1,1,3145728,11.734145,0,1,1,14,[gpu1]CUDA_COPY_H2D_3145728B,0
417,1545575266.396259,1992294417,0.0015890000000000001,1,1,19922944,11.67737,0,1,1,14,[gpu1]CUDA_COPY_H2D_19922944B,0
418,1545575266.401599,17,0.007142,1,0,0,0.0,0,0,1,17,[gpu1]maxwell_dgemm_64x64_nn,0
419,1545575266.403398,1992294417,0.001539,1,2,19922944,12.059163999999999,1,0,1,15,[gpu1]CUDA_COPY_D2H_19922944B,0
420,1545575266.404946,314572817,0.000246,1,1,3145728,11.928355,0,1,1,15,[gpu1]CUDA_COPY_H2D_3145728B,0
421,1545575266.405194,1992294417,0.0015869999999999999,1,1,19922944,11.693147999999999,0,1,1,15,[gpu1]CUDA_COPY_H2D_19922944B,0
422,1545575266.40695,17,0.0108,1,0,0,0.0,0,0,1,16,[gpu1]maxwell_dgemm_64x64_nn,0
423,1545575266.408747,996147217,0.000758,1,2,9961472,12.246364999999999,1,0,1,17,[gpu1]CUDA_COPY_D2H_9961472B,0
424,1545575266.41624,17,0.012195999999999999,1,0,0,0.0,0,0,1,14,[gpu1]maxwell_dgemm_64x64_nn,0
425,1545575266.417756,1992294417,0.001551,1,2,19922944,11.961637,1,0,1,16,[gpu1]CUDA_COPY_D2H_19922944B,0
426,1545575266.4266481,17,0.010778,1,0,0,0.0,0,0,1,15,[gpu1]maxwell_dgemm_64x64_nn,0
427,1545575266.428442,1992294417,0.001545,1,2,19922944,12.009211,1,0,1,14,[gpu1]CUDA_COPY_D2H_19922944B,0
428,1545575266.4374301,1992294417,0.001532,1,2,19922944,12.111557000000001,1,0,1,15,[gpu1]CUDA_COPY_D2H_19922944B,0
429,1545575266.459299,29491217,2.8999999999999997e-05,1,1,294912,9.369843,0,1,1,7,[gpu1]CUDA_COPY_H2D_294912B,0
430,1545575266.459333,530841617,0.00044800000000000005,1,1,5308416,11.023244,0,1,1,14,[gpu1]CUDA_COPY_H2D_5308416B,0
431,1545575266.459784,530841617,0.000405,1,1,5308416,12.19917,0,1,1,14,[gpu1]CUDA_COPY_H2D_5308416B,0
432,1545575266.460197,17,0.000917,1,0,0,0.0,0,0,1,14,[gpu1]maxwell_dgemm_64x64_nn,0
433,1545575266.461123,530841617,0.000426,1,2,5308416,11.601001,1,0,1,14,[gpu1]CUDA_COPY_D2H_5308416B,0
434,1545575266.4814599,117964817,9.1e-05,1,1,1179648,12.092821,0,1,1,7,[gpu1]CUDA_COPY_H2D_1179648B,0
435,1545575266.4815571,1061683217,0.000839,1,1,10616832,11.790928,0,1,1,14,[gpu1]CUDA_COPY_H2D_10616832B,0
436,1545575266.482398,1061683217,0.0008150000000000001,1,1,10616832,12.135462,0,1,1,14,[gpu1]CUDA_COPY_H2D_10616832B,0
437,1545575266.483222,17,0.002723,1,0,0,0.0,0,0,1,14,[gpu1]maxwell_dgemm_64x64_nn,0
438,1545575266.48595,1061683217,0.000878,1,2,10616832,11.26065,1,0,1,14,[gpu1]CUDA_COPY_D2H_10616832B,0
439,1545575266.506703,29491217,2.4e-05,1,1,294912,11.598742,0,1,1,7,[gpu1]CUDA_COPY_H2D_294912B,0
440,1545575266.506732,511180817,0.000439,1,1,5111808,10.853465,0,1,1,14,[gpu1]CUDA_COPY_H2D_5111808B,0
441,1545575266.507173,511180817,0.00042,1,1,5111808,11.333913,0,1,1,14,[gpu1]CUDA_COPY_H2D_5111808B,0
442,1545575266.507597,17,0.000918,1,0,0,0.0,0,0,1,14,[gpu1]maxwell_dgemm_64x64_nn,0
443,1545575266.50852,511180817,0.000389,1,2,5111808,12.243322000000001,1,0,1,14,[gpu1]CUDA_COPY_D2H_5111808B,0
444,1545575266.549802,471859217,0.000364,1,1,4718592,12.078894,0,1,1,7,[gpu1]CUDA_COPY_H2D_4718592B,0
445,1545575266.5501711,1966080017,0.00157,1,1,19660800,11.662301,0,1,1,14,[gpu1]CUDA_COPY_H2D_19660800B,0
446,1545575266.5517461,17,8.7e-05,1,0,0,0.0,0,0,1,14,[gpu1]void trsm_left_kernel<double,0
447,1545575266.5518339,17,8.8e-05,1,0,0,0.0,0,0,1,14,[gpu1]void magma_lds128_dgemm_kernel<bool=0,0
448,1545575266.551923,17,8.6e-05,1,0,0,0.0,0,0,1,14,[gpu1]void trsm_left_kernel<double,0
449,1545575266.5520089,17,0.00031600000000000004,1,0,0,0.0,0,0,1,14,[gpu1]maxwell_dgemm_64x64_nn,0
450,1545575266.552325,17,8.7e-05,1,0,0,0.0,0,0,1,14,[gpu1]void trsm_left_kernel<double,0
451,1545575266.552413,17,8.8e-05,1,0,0,0.0,0,0,1,14,[gpu1]void magma_lds128_dgemm_kernel<bool=0,0
452,1545575266.552502,17,8.6e-05,1,0,0,0.0,0,0,1,14,[gpu1]void trsm_left_kernel<double,0
453,1545575266.552588,17,0.000612,1,0,0,0.0,0,0,1,14,[gpu1]maxwell_dgemm_64x64_nn,0
454,1545575266.553201,17,8.6e-05,1,0,0,0.0,0,0,1,14,[gpu1]void trsm_left_kernel<double,0
455,1545575266.553288,17,8.8e-05,1,0,0,0.0,0,0,1,14,[gpu1]void magma_lds128_dgemm_kernel<bool=0,0
456,1545575266.553377,17,8.6e-05,1,0,0,0.0,0,0,1,14,[gpu1]void trsm_left_kernel<double,0
457,1545575266.5534642,17,0.00091,1,0,0,0.0,0,0,1,14,[gpu1]maxwell_dgemm_64x64_nn,0
458,1545575266.554374,17,8.6e-05,1,0,0,0.0,0,0,1,14,[gpu1]void trsm_left_kernel<double,0
459,1545575266.554461,17,8.8e-05,1,0,0,0.0,0,0,1,14,[gpu1]void magma_lds128_dgemm_kernel<bool=0,0
460,1545575266.55455,17,8.6e-05,1,0,0,0.0,0,0,1,14,[gpu1]void trsm_left_kernel<double,0
461,1545575266.554637,17,0.001208,1,0,0,0.0,0,0,1,14,[gpu1]maxwell_dgemm_64x64_nn,0
462,1545575266.555846,17,8.6e-05,1,0,0,0.0,0,0,1,14,[gpu1]void trsm_left_kernel<double,0
463,1545575266.555933,17,8.8e-05,1,0,0,0.0,0,0,1,14,[gpu1]void magma_lds128_dgemm_kernel<bool=0,0
464,1545575266.556021,17,8.6e-05,1,0,0,0.0,0,0,1,14,[gpu1]void trsm_left_kernel<double,0
465,1545575266.556113,39917,1e-06,1,0,399,0.465661,0,0,1,14,[gpu1][CUDA memset],0
466,1545575266.55612,17,0.0015140000000000002,1,0,0,0.0,0,0,1,14,[gpu1]maxwell_dgemm_64x64_nn,0
467,1545575266.557635,17,8.6e-05,1,0,0,0.0,0,0,1,14,[gpu1]void trsm_left_kernel<double,0
468,1545575266.557722,17,8.8e-05,1,0,0,0.0,0,0,1,14,[gpu1]void magma_lds128_dgemm_kernel<bool=0,0
469,1545575266.557811,17,8.6e-05,1,0,0,0.0,0,0,1,14,[gpu1]void trsm_left_kernel<double,0
470,1545575266.557898,1966080017,0.0016,1,2,19660800,11.441003,1,0,1,14,[gpu1]CUDA_COPY_D2H_19660800B,0
471,1545575266.562667,314572817,0.000245,1,1,3145728,11.939195,0,1,1,7,[gpu1]CUDA_COPY_H2D_3145728B,0
472,1545575266.562916,524288017,0.000462,1,1,5242880,10.560858,0,1,1,16,[gpu1]CUDA_COPY_H2D_5242880B,0
473,1545575266.5633821,786432017,0.000688,1,1,7864320,10.653285,0,1,1,16,[gpu1]CUDA_COPY_H2D_7864320B,0
474,1545575266.5640712,63917,1e-06,1,0,639,1.0348030000000001,0,0,1,16,[gpu1][CUDA memset],0
475,1545575266.564073,524288017,0.000439,1,1,5242880,11.12448,0,1,1,14,[gpu1]CUDA_COPY_H2D_5242880B,0
476,1545575266.564084,17,0.003,1,0,0,0.0,0,0,1,16,[gpu1]maxwell_dgemm_64x64_nn,0
477,1545575266.564515,786432017,0.000633,1,1,7864320,11.575126,0,1,1,14,[gpu1]CUDA_COPY_H2D_7864320B,0
478,1545575266.56515,63917,1e-06,1,0,639,0.8869739999999999,0,0,1,14,[gpu1][CUDA memset],0
479,1545575266.565153,524288017,0.000446,1,1,5242880,10.942563,0,1,1,15,[gpu1]CUDA_COPY_H2D_5242880B,0
480,1545575266.5656009,786432017,0.000667,1,1,7864320,10.976691,0,1,1,15,[gpu1]CUDA_COPY_H2D_7864320B,0
481,1545575266.566271,63917,1e-06,1,0,639,0.689869,0,0,1,15,[gpu1][CUDA memset],0
482,1545575266.566488,17,0.003042,1,0,0,0.0,0,0,1,14,[gpu1]maxwell_dgemm_64x64_nn,0
483,1545575266.56709,524288017,0.00042699999999999997,1,2,5242880,11.426060000000001,1,0,1,16,[gpu1]CUDA_COPY_D2H_5242880B,0
484,1545575266.568897,17,0.003072,1,0,0,0.0,0,0,1,15,[gpu1]maxwell_dgemm_64x64_nn,0
485,1545575266.569538,524288017,0.000471,1,2,5242880,10.370627,1,0,1,14,[gpu1]CUDA_COPY_D2H_5242880B,0
486,1545575266.570013,104857617,0.00013000000000000002,1,1,1048576,7.490585,0,1,1,14,[gpu1]CUDA_COPY_H2D_1048576B,0
487,1545575266.570145,157286417,0.000204,1,1,1572864,7.192806,0,1,1,14,[gpu1]CUDA_COPY_H2D_1572864B,0
488,1545575266.570351,12717,1e-06,1,0,127,0.206961,0,0,1,14,[gpu1][CUDA memset],0
489,1545575266.571332,17,0.0017519999999999999,1,0,0,0.0,0,0,1,14,[gpu1]maxwell_dgemm_64x64_nn,0
490,1545575266.571974,524288017,0.000429,1,2,5242880,11.383413000000001,1,0,1,15,[gpu1]CUDA_COPY_D2H_5242880B,0
491,1545575266.573092,104857617,0.000124,1,2,1048576,7.901758,1,0,1,14,[gpu1]CUDA_COPY_D2H_1048576B,0
492,1545575266.5732222,314572817,0.000275,1,1,3145728,10.666403,0,1,1,17,[gpu1]CUDA_COPY_H2D_3145728B,0
493,1545575266.573499,1677721617,0.00137,1,1,16777216,11.401705999999999,0,1,1,17,[gpu1]CUDA_COPY_H2D_16777216B,0
494,1545575266.574873,17,0.008989,1,0,0,0.0,0,0,1,17,[gpu1]maxwell_dgemm_64x64_nn,0
495,1545575266.574873,314572817,0.000252,1,1,3145728,11.620948,0,1,1,16,[gpu1]CUDA_COPY_H2D_3145728B,0
496,1545575266.5751278,1677721617,0.001518,1,1,16777216,10.290992999999999,0,1,1,16,[gpu1]CUDA_COPY_H2D_16777216B,0
497,1545575266.57665,314572817,0.000312,1,1,3145728,9.392643,0,1,1,14,[gpu1]CUDA_COPY_H2D_3145728B,0
498,1545575266.5769641,1677721617,0.001408,1,1,16777216,11.095953999999999,0,1,1,14,[gpu1]CUDA_COPY_H2D_16777216B,0
499,1545575266.578376,314572817,0.000286,1,1,3145728,10.251978999999999,0,1,1,15,[gpu1]CUDA_COPY_H2D_3145728B,0
500,1545575266.578665,1677721617,0.001358,1,1,16777216,11.50324,0,1,1,15,[gpu1]CUDA_COPY_H2D_16777216B,0
501,1545575266.582066,17,0.010740999999999999,1,0,0,0.0,0,0,1,16,[gpu1]maxwell_dgemm_64x64_nn,0
502,1545575266.5838711,1677721617,0.001385,1,2,16777216,11.285483000000001,1,0,1,17,[gpu1]CUDA_COPY_D2H_16777216B,0
503,1545575266.591016,17,0.008981999999999999,1,0,0,0.0,0,0,1,14,[gpu1]maxwell_dgemm_64x64_nn,0
504,1545575266.592823,1677721617,0.001348,1,2,16777216,11.595298,1,0,1,16,[gpu1]CUDA_COPY_D2H_16777216B,0
505,1545575266.594175,78643217,7.5e-05,1,1,786432,9.739394,0,1,1,16,[gpu1]CUDA_COPY_H2D_786432B,0
506,1545575266.5942519,419430417,0.000343,1,1,4194304,11.3783,0,1,1,16,[gpu1]CUDA_COPY_H2D_4194304B,0
507,1545575266.594598,51117,1e-06,1,0,511,0.48068299999999997,0,0,1,16,[gpu1][CUDA memset],0
508,1545575266.598205,17,0.01073,1,0,0,0.0,0,0,1,15,[gpu1]maxwell_dgemm_64x64_nn,0
509,1545575266.600008,1677721617,0.0013830000000000001,1,2,16777216,11.298810000000001,1,0,1,14,[gpu1]CUDA_COPY_D2H_16777216B,0
510,1545575266.601395,314572817,0.00025,1,1,3145728,11.737153999999999,0,1,1,14,[gpu1]CUDA_COPY_H2D_3145728B,0
511,1545575266.6016471,1677721617,0.001348,1,1,16777216,11.595022,0,1,1,14,[gpu1]CUDA_COPY_H2D_16777216B,0
512,1545575266.6071448,17,0.003026,1,0,0,0.0,0,0,1,16,[gpu1]maxwell_dgemm_64x64_nn,0
513,1545575266.608938,1677721617,0.001315,1,2,16777216,11.877947,1,0,1,15,[gpu1]CUDA_COPY_D2H_16777216B,0
514,1545575266.609543,17,0.009258,1,0,0,0.0,0,0,1,14,[gpu1]maxwell_dgemm_64x64_nn,0
515,1545575266.6102571,419430417,0.000375,1,2,4194304,10.404597,1,0,1,16,[gpu1]CUDA_COPY_D2H_4194304B,0
516,1545575266.610258,314572817,0.000377,1,1,3145728,7.777594000000001,0,1,1,15,[gpu1]CUDA_COPY_H2D_3145728B,0
517,1545575266.6106381,1677721617,0.001326,1,1,16777216,11.783914999999999,0,1,1,15,[gpu1]CUDA_COPY_H2D_16777216B,0
518,1545575266.617004,17,0.010453,1,0,0,0.0,0,0,1,15,[gpu1]maxwell_dgemm_64x64_nn,0
519,1545575266.618804,1677721617,0.0013,1,2,16777216,12.021533,1,0,1,14,[gpu1]CUDA_COPY_D2H_16777216B,0
520,1545575266.627459,1677721617,0.0013460000000000002,1,2,16777216,11.608253999999999,1,0,1,15,[gpu1]CUDA_COPY_D2H_16777216B,0
521,1545575266.647846,29491217,2.4e-05,1,1,294912,11.398025,0,1,1,7,[gpu1]CUDA_COPY_H2D_294912B,0
522,1545575266.647875,471859217,0.000392,1,1,4718592,11.218438,0,1,1,14,[gpu1]CUDA_COPY_H2D_4718592B,0
523,1545575266.64827,471859217,0.00037999999999999997,1,1,4718592,11.566139,0,1,1,14,[gpu1]CUDA_COPY_H2D_4718592B,0
524,1545575266.648657,17,0.000916,1,0,0,0.0,0,0,1,14,[gpu1]maxwell_dgemm_64x64_nn,0
525,1545575266.64958,471859217,0.000359,1,2,4718592,12.245844,1,0,1,14,[gpu1]CUDA_COPY_D2H_4718592B,0
526,1545575266.668324,117964817,9.1e-05,1,1,1179648,12.122711,0,1,1,7,[gpu1]CUDA_COPY_H2D_1179648B,0
527,1545575266.6684198,904396817,0.0006929999999999999,1,1,9043968,12.147806,0,1,1,14,[gpu1]CUDA_COPY_H2D_9043968B,0
528,1545575266.669115,904396817,0.000713,1,1,9043968,11.806666,0,1,1,14,[gpu1]CUDA_COPY_H2D_9043968B,0
529,1545575266.669837,17,0.0027140000000000003,1,0,0,0.0,0,0,1,14,[gpu1]maxwell_dgemm_64x64_nn,0
530,1545575266.6725562,904396817,0.000733,1,2,9043968,11.494725,1,0,1,14,[gpu1]CUDA_COPY_D2H_9043968B,0
531,1545575266.690092,29491217,2.4e-05,1,1,294912,11.444092,0,1,1,7,[gpu1]CUDA_COPY_H2D_294912B,0
532,1545575266.6901212,412876817,0.00034700000000000003,1,1,4128768,11.097109,0,1,1,14,[gpu1]CUDA_COPY_H2D_4128768B,0
533,1545575266.69047,412876817,0.000314,1,1,4128768,12.244893,0,1,1,14,[gpu1]CUDA_COPY_H2D_4128768B,0
534,1545575266.690786,17,0.0009140000000000001,1,0,0,0.0,0,0,1,14,[gpu1]maxwell_dgemm_64x64_nn,0
535,1545575266.6917038,412876817,0.000315,1,2,4128768,12.223718,1,0,1,14,[gpu1]CUDA_COPY_D2H_4128768B,0
536,1545575266.722903,471859217,0.000383,1,1,4718592,11.459042,0,1,1,7,[gpu1]CUDA_COPY_H2D_4718592B,0
537,1545575266.7232919,1651507217,0.001318,1,1,16515072,11.673886999999999,0,1,1,14,[gpu1]CUDA_COPY_H2D_16515072B,0
538,1545575266.724618,17,6.6e-05,1,0,0,0.0,0,0,1,14,[gpu1]void trsm_left_kernel<double,0
539,1545575266.724685,17,7.099999999999999e-05,1,0,0,0.0,0,0,1,14,[gpu1]void magma_lds128_dgemm_kernel<bool=0,0
540,1545575266.724757,17,6.500000000000001e-05,1,0,0,0.0,0,0,1,14,[gpu1]void trsm_left_kernel<double,0
541,1545575266.724822,17,0.000309,1,0,0,0.0,0,0,1,14,[gpu1]maxwell_dgemm_64x64_nn,0
542,1545575266.725132,17,6.6e-05,1,0,0,0.0,0,0,1,14,[gpu1]void trsm_left_kernel<double,0
543,1545575266.725198,17,7e-05,1,0,0,0.0,0,0,1,14,[gpu1]void magma_lds128_dgemm_kernel<bool=0,0
544,1545575266.7252688,17,6.500000000000001e-05,1,0,0,0.0,0,0,1,14,[gpu1]void trsm_left_kernel<double,0
545,1545575266.725335,17,0.000607,1,0,0,0.0,0,0,1,14,[gpu1]maxwell_dgemm_64x64_nn,0
546,1545575266.725942,17,6.6e-05,1,0,0,0.0,0,0,1,14,[gpu1]void trsm_left_kernel<double,0
547,1545575266.726008,17,7e-05,1,0,0,0.0,0,0,1,14,[gpu1]void magma_lds128_dgemm_kernel<bool=0,0
548,1545575266.726079,17,6.500000000000001e-05,1,0,0,0.0,0,0,1,14,[gpu1]void trsm_left_kernel<double,0
549,1545575266.726145,17,0.000906,1,0,0,0.0,0,0,1,14,[gpu1]maxwell_dgemm_64x64_nn,0
550,1545575266.727052,17,6.500000000000001e-05,1,0,0,0.0,0,0,1,14,[gpu1]void trsm_left_kernel<double,0
551,1545575266.727118,17,7.099999999999999e-05,1,0,0,0.0,0,0,1,14,[gpu1]void magma_lds128_dgemm_kernel<bool=0,0
552,1545575266.72719,17,6.500000000000001e-05,1,0,0,0.0,0,0,1,14,[gpu1]void trsm_left_kernel<double,0
553,1545575266.727255,17,0.0012050000000000001,1,0,0,0.0,0,0,1,14,[gpu1]maxwell_dgemm_64x64_nn,0
554,1545575266.72846,17,6.500000000000001e-05,1,0,0,0.0,0,0,1,14,[gpu1]void trsm_left_kernel<double,0
555,1545575266.7285259,17,7.099999999999999e-05,1,0,0,0.0,0,0,1,14,[gpu1]void magma_lds128_dgemm_kernel<bool=0,0
556,1545575266.728598,17,6.500000000000001e-05,1,0,0,0.0,0,0,1,14,[gpu1]void trsm_left_kernel<double,0
557,1545575266.728668,33517,1e-06,1,0,335,0.39115500000000003,0,0,1,14,[gpu1][CUDA memset],0
558,1545575266.728676,17,0.0013570000000000001,1,0,0,0.0,0,0,1,14,[gpu1]maxwell_dgemm_64x64_nn,0
559,1545575266.730033,17,6.500000000000001e-05,1,0,0,0.0,0,0,1,14,[gpu1]void trsm_left_kernel<double,0
560,1545575266.730099,17,7.099999999999999e-05,1,0,0,0.0,0,0,1,14,[gpu1]void magma_lds128_dgemm_kernel<bool=0,0
561,1545575266.73017,17,6.500000000000001e-05,1,0,0,0.0,0,0,1,14,[gpu1]void trsm_left_kernel<double,0
562,1545575266.7302392,1651507217,0.0013369999999999999,1,2,16515072,11.500981,1,0,1,14,[gpu1]CUDA_COPY_D2H_16515072B,0
563,1545575266.7328029,314572817,0.000245,1,1,3145728,11.953273,0,1,1,7,[gpu1]CUDA_COPY_H2D_3145728B,0
564,1545575266.733053,314572817,0.000279,1,1,3145728,10.501274,0,1,1,16,[gpu1]CUDA_COPY_H2D_3145728B,0
565,1545575266.733334,471859217,0.000379,1,1,4718592,11.599385,0,1,1,16,[gpu1]CUDA_COPY_H2D_4718592B,0
566,1545575266.733715,38317,1e-06,1,0,383,0.6208819999999999,0,0,1,16,[gpu1][CUDA memset],0
567,1545575266.733718,17,0.001836,1,0,0,0.0,0,0,1,16,[gpu1]maxwell_dgemm_64x64_nn,0
568,1545575266.733718,524288017,0.000421,1,1,5242880,11.609491,0,1,1,14,[gpu1]CUDA_COPY_H2D_5242880B,0
569,1545575266.734141,786432017,0.0006730000000000001,1,1,7864320,10.880661,0,1,1,14,[gpu1]CUDA_COPY_H2D_7864320B,0
570,1545575266.734816,63917,1e-06,1,0,639,0.846657,0,0,1,14,[gpu1][CUDA memset],0
571,1545575266.734819,524288017,0.000429,1,1,5242880,11.385112,0,1,1,15,[gpu1]CUDA_COPY_H2D_5242880B,0
572,1545575266.73492,17,0.0033009999999999997,1,0,0,0.0,0,0,1,14,[gpu1]maxwell_dgemm_64x64_nn,0
573,1545575266.735251,786432017,0.0006490000000000001,1,1,7864320,11.279082,0,1,1,15,[gpu1]CUDA_COPY_H2D_7864320B,0
574,1545575266.735559,314572817,0.000367,1,2,3145728,7.980995,1,0,1,16,[gpu1]CUDA_COPY_D2H_3145728B,0
575,1545575266.735903,63917,1e-06,1,0,639,0.6208819999999999,0,0,1,15,[gpu1][CUDA memset],0
576,1545575266.7376199,17,0.00316,1,0,0,0.0,0,0,1,15,[gpu1]maxwell_dgemm_64x64_nn,0
577,1545575266.7382278,524288017,0.00041500000000000006,1,2,5242880,11.767032,1,0,1,14,[gpu1]CUDA_COPY_D2H_5242880B,0
578,1545575266.7407858,524288017,0.000407,1,2,5242880,11.991779,1,0,1,15,[gpu1]CUDA_COPY_D2H_5242880B,0
579,1545575266.7412,314572817,0.000273,1,1,3145728,10.716382000000001,0,1,1,17,[gpu1]CUDA_COPY_H2D_3145728B,0
580,1545575266.741476,1363148817,0.001114,1,1,13631488,11.399569,0,1,1,17,[gpu1]CUDA_COPY_H2D_13631488B,0
581,1545575266.742593,314572817,0.000261,1,1,3145728,11.222105,0,1,1,16,[gpu1]CUDA_COPY_H2D_3145728B,0
582,1545575266.742597,17,0.007194,1,0,0,0.0,0,0,1,17,[gpu1]maxwell_dgemm_64x64_nn,0
583,1545575266.742856,1363148817,0.001132,1,1,13631488,11.216505999999999,0,1,1,16,[gpu1]CUDA_COPY_H2D_13631488B,0
584,1545575266.743991,314572817,0.000261,1,1,3145728,11.242776,0,1,1,14,[gpu1]CUDA_COPY_H2D_3145728B,0
585,1545575266.7442632,1363148817,0.001124,1,1,13631488,11.291205999999999,0,1,1,14,[gpu1]CUDA_COPY_H2D_13631488B,0
586,1545575266.7453911,314572817,0.000248,1,1,3145728,11.812875,0,1,1,15,[gpu1]CUDA_COPY_H2D_3145728B,0
587,1545575266.745642,1363148817,0.001102,1,1,13631488,11.523416000000001,0,1,1,15,[gpu1]CUDA_COPY_H2D_13631488B,0
588,1545575266.747996,17,0.008964,1,0,0,0.0,0,0,1,16,[gpu1]maxwell_dgemm_64x64_nn,0
589,1545575266.7497962,1363148817,0.001058,1,2,13631488,11.995903,1,0,1,17,[gpu1]CUDA_COPY_D2H_13631488B,0
590,1545575266.755168,17,0.008936,1,0,0,0.0,0,0,1,14,[gpu1]maxwell_dgemm_64x64_nn,0
591,1545575266.756963,1363148817,0.001077,1,2,13631488,11.789841000000001,1,0,1,16,[gpu1]CUDA_COPY_D2H_13631488B,0
592,1545575266.7623131,17,0.007208,1,0,0,0.0,0,0,1,15,[gpu1]maxwell_dgemm_64x64_nn,0
593,1545575266.764112,1363148817,0.001078,1,2,13631488,11.77236,1,0,1,14,[gpu1]CUDA_COPY_D2H_13631488B,0
594,1545575266.7652,314572817,0.000259,1,1,3145728,11.331836000000001,0,1,1,14,[gpu1]CUDA_COPY_H2D_3145728B,0
595,1545575266.765461,1363148817,0.001112,1,1,13631488,11.416627,0,1,1,14,[gpu1]CUDA_COPY_H2D_13631488B,0
596,1545575266.767859,17,0.00881,1,0,0,0.0,0,0,1,14,[gpu1]maxwell_dgemm_64x64_nn,0
597,1545575266.769528,1363148817,0.001036,1,2,13631488,12.258339,1,0,1,15,[gpu1]CUDA_COPY_D2H_13631488B,0
598,1545575266.776673,1363148817,0.001074,1,2,13631488,11.824277,1,0,1,14,[gpu1]CUDA_COPY_D2H_13631488B,0
599,1545575266.800424,29491217,2.4e-05,1,1,294912,11.645461,0,1,1,7,[gpu1]CUDA_COPY_H2D_294912B,0
600,1545575266.800453,353894417,0.00028,1,1,3538944,11.753267999999998,0,1,1,14,[gpu1]CUDA_COPY_H2D_3538944B,0
601,1545575266.800735,353894417,0.00027,1,1,3538944,12.216035,0,1,1,14,[gpu1]CUDA_COPY_H2D_3538944B,0
602,1545575266.801008,17,0.000466,1,0,0,0.0,0,0,1,14,[gpu1]maxwell_dgemm_64x64_nn,0
603,1545575266.801482,353894417,0.00027,1,2,3538944,12.226231,1,0,1,14,[gpu1]CUDA_COPY_D2H_3538944B,0
604,1545575266.81755,117964817,9.2e-05,1,1,1179648,11.974591,0,1,1,7,[gpu1]CUDA_COPY_H2D_1179648B,0
605,1545575266.817647,707788817,0.000651,1,1,7077888,10.129694,0,1,1,14,[gpu1]CUDA_COPY_H2D_7077888B,0
606,1545575266.8183,707788817,0.000553,1,1,7077888,11.928868,0,1,1,14,[gpu1]CUDA_COPY_H2D_7077888B,0
607,1545575266.818901,17,0.0018219999999999998,1,0,0,0.0,0,0,1,14,[gpu1]maxwell_dgemm_64x64_nn,0
608,1545575266.820729,707788817,0.000558,1,2,7077888,11.820013000000001,1,0,1,14,[gpu1]CUDA_COPY_D2H_7077888B,0
609,1545575266.836786,29491217,2.4e-05,1,1,294912,11.598252,0,1,1,7,[gpu1]CUDA_COPY_H2D_294912B,0
610,1545575266.836815,334233617,0.000258,1,1,3342336,12.054996000000001,0,1,1,14,[gpu1]CUDA_COPY_H2D_3342336B,0
611,1545575266.837076,334233617,0.000277,1,1,3342336,11.250517,0,1,1,14,[gpu1]CUDA_COPY_H2D_3342336B,0
612,1545575266.837397,17,0.000465,1,0,0,0.0,0,0,1,14,[gpu1]maxwell_dgemm_64x64_nn,0
613,1545575266.837867,334233617,0.00025499999999999996,1,2,3342336,12.224721,1,0,1,14,[gpu1]CUDA_COPY_D2H_3342336B,0
614,1545575266.864484,471859217,0.000365,1,1,4718592,12.04922,0,1,1,7,[gpu1]CUDA_COPY_H2D_4718592B,0
615,1545575266.8648539,1297612817,0.001059,1,1,12976128,11.411586,0,1,1,14,[gpu1]CUDA_COPY_H2D_12976128B,0
616,1545575266.865916,17,5.6000000000000006e-05,1,0,0,0.0,0,0,1,14,[gpu1]void trsm_left_kernel<double,0
617,1545575266.865973,17,6.7e-05,1,0,0,0.0,0,0,1,14,[gpu1]void magma_lds128_dgemm_kernel<bool=0,0
618,1545575266.866041,17,5.5e-05,1,0,0,0.0,0,0,1,14,[gpu1]void trsm_left_kernel<double,0
619,1545575266.866096,17,0.000307,1,0,0,0.0,0,0,1,14,[gpu1]maxwell_dgemm_64x64_nn,0
620,1545575266.8664038,17,5.5e-05,1,0,0,0.0,0,0,1,14,[gpu1]void trsm_left_kernel<double,0
621,1545575266.866459,17,6.7e-05,1,0,0,0.0,0,0,1,14,[gpu1]void magma_lds128_dgemm_kernel<bool=0,0
622,1545575266.8665268,17,5.5e-05,1,0,0,0.0,0,0,1,14,[gpu1]void trsm_left_kernel<double,0
623,1545575266.866582,17,0.000606,1,0,0,0.0,0,0,1,14,[gpu1]maxwell_dgemm_64x64_nn,0
624,1545575266.8671892,17,5.5e-05,1,0,0,0.0,0,0,1,14,[gpu1]void trsm_left_kernel<double,0
625,1545575266.867244,17,6.6e-05,1,0,0,0.0,0,0,1,14,[gpu1]void magma_lds128_dgemm_kernel<bool=0,0
626,1545575266.867311,17,5.5e-05,1,0,0,0.0,0,0,1,14,[gpu1]void trsm_left_kernel<double,0
627,1545575266.867367,17,0.0009050000000000001,1,0,0,0.0,0,0,1,14,[gpu1]maxwell_dgemm_64x64_nn,0
628,1545575266.868272,17,5.5e-05,1,0,0,0.0,0,0,1,14,[gpu1]void trsm_left_kernel<double,0
629,1545575266.8683279,17,6.6e-05,1,0,0,0.0,0,0,1,14,[gpu1]void magma_lds128_dgemm_kernel<bool=0,0
630,1545575266.8683949,17,5.5e-05,1,0,0,0.0,0,0,1,14,[gpu1]void trsm_left_kernel<double,0
631,1545575266.86845,17,0.001202,1,0,0,0.0,0,0,1,14,[gpu1]maxwell_dgemm_64x64_nn,0
632,1545575266.869653,17,5.5e-05,1,0,0,0.0,0,0,1,14,[gpu1]void trsm_left_kernel<double,0
633,1545575266.869709,17,6.6e-05,1,0,0,0.0,0,0,1,14,[gpu1]void magma_lds128_dgemm_kernel<bool=0,0
634,1545575266.869776,17,5.5e-05,1,0,0,0.0,0,0,1,14,[gpu1]void trsm_left_kernel<double,0
635,1545575266.869835,26417,1e-06,1,0,264,0.426856,0,0,1,14,[gpu1][CUDA memset],0
636,1545575266.869842,17,0.00121,1,0,0,0.0,0,0,1,14,[gpu1]maxwell_dgemm_64x64_nn,0
637,1545575266.871052,17,5.5e-05,1,0,0,0.0,0,0,1,14,[gpu1]void trsm_left_kernel<double,0
638,1545575266.871108,17,6.7e-05,1,0,0,0.0,0,0,1,14,[gpu1]void magma_lds128_dgemm_kernel<bool=0,0
639,1545575266.871175,17,5.5e-05,1,0,0,0.0,0,0,1,14,[gpu1]void trsm_left_kernel<double,0
640,1545575266.8712358,1297612817,0.0010550000000000002,1,2,12976128,11.452421000000001,1,0,1,14,[gpu1]CUDA_COPY_D2H_12976128B,0
641,1545575266.872336,314572817,0.00024700000000000004,1,1,3145728,11.880322,0,1,1,7,[gpu1]CUDA_COPY_H2D_3145728B,0
642,1545575266.872589,524288017,0.00042699999999999997,1,1,5242880,11.431169,0,1,1,14,[gpu1]CUDA_COPY_H2D_5242880B,0
643,1545575266.873019,786432017,0.000651,1,1,7864320,11.259091,0,1,1,14,[gpu1]CUDA_COPY_H2D_7864320B,0
644,1545575266.873671,63917,1e-06,1,0,639,0.98034,0,0,1,14,[gpu1][CUDA memset],0
645,1545575266.873673,524288017,0.00042,1,1,5242880,11.625411999999999,0,1,1,15,[gpu1]CUDA_COPY_H2D_5242880B,0
646,1545575266.873679,17,0.003037,1,0,0,0.0,0,0,1,14,[gpu1]maxwell_dgemm_64x64_nn,0
647,1545575266.8740962,786432017,0.000628,1,1,7864320,11.654696000000001,0,1,1,15,[gpu1]CUDA_COPY_H2D_7864320B,0
648,1545575266.874726,63917,1e-06,1,0,639,1.0348030000000001,0,0,1,15,[gpu1][CUDA memset],0
649,1545575266.876082,17,0.003009,1,0,0,0.0,0,0,1,15,[gpu1]maxwell_dgemm_64x64_nn,0
650,1545575266.876723,524288017,0.000408,1,2,5242880,11.957947,1,0,1,14,[gpu1]CUDA_COPY_D2H_5242880B,0
651,1545575266.8790948,524288017,0.000407,1,2,5242880,12.007821,1,0,1,15,[gpu1]CUDA_COPY_D2H_5242880B,0
652,1545575266.879514,196608017,0.000157,1,1,1966080,11.64171,0,1,1,17,[gpu1]CUDA_COPY_H2D_1966080B,0
653,1545575266.879674,655360017,0.000525,1,1,6553600,11.622047,0,1,1,17,[gpu1]CUDA_COPY_H2D_6553600B,0
654,1545575266.880203,314572817,0.00027,1,1,3145728,10.836847,0,1,1,16,[gpu1]CUDA_COPY_H2D_3145728B,0
655,1545575266.880203,17,0.003604,1,0,0,0.0,0,0,1,17,[gpu1]maxwell_dgemm_64x64_nn,0
656,1545575266.880476,1048576017,0.0008539999999999999,1,1,10485760,11.428614,0,1,1,16,[gpu1]CUDA_COPY_H2D_10485760B,0
657,1545575266.881333,314572817,0.00025,1,1,3145728,11.728178999999999,0,1,1,14,[gpu1]CUDA_COPY_H2D_3145728B,0
658,1545575266.8815858,1048576017,0.0008349999999999999,1,1,10485760,11.701624,0,1,1,14,[gpu1]CUDA_COPY_H2D_10485760B,0
659,1545575266.882008,17,0.007181999999999999,1,0,0,0.0,0,0,1,16,[gpu1]maxwell_dgemm_64x64_nn,0
660,1545575266.8824232,314572817,0.000245,1,1,3145728,11.956347000000001,0,1,1,15,[gpu1]CUDA_COPY_H2D_3145728B,0
661,1545575266.882671,1048576017,0.000813,1,1,10485760,12.011602,0,1,1,15,[gpu1]CUDA_COPY_H2D_10485760B,0
662,1545575266.883811,655360017,0.000518,1,2,6553600,11.77412,1,0,1,17,[gpu1]CUDA_COPY_D2H_6553600B,0
663,1545575266.887395,17,0.0071719999999999996,1,0,0,0.0,0,0,1,14,[gpu1]maxwell_dgemm_64x64_nn,0
664,1545575266.889194,1048576017,0.000817,1,2,10485760,11.949504,1,0,1,16,[gpu1]CUDA_COPY_D2H_10485760B,0
665,1545575266.892774,17,0.007156,1,0,0,0.0,0,0,1,15,[gpu1]maxwell_dgemm_64x64_nn,0
666,1545575266.894575,1048576017,0.000798,1,2,10485760,12.23505,1,0,1,14,[gpu1]CUDA_COPY_D2H_10485760B,0
667,1545575266.899933,1048576017,0.000828,1,2,10485760,11.794333,1,0,1,15,[gpu1]CUDA_COPY_D2H_10485760B,0
668,1545575266.917378,29491217,2.4e-05,1,1,294912,11.613946,0,1,1,7,[gpu1]CUDA_COPY_H2D_294912B,0
669,1545575266.917407,294912017,0.000229,1,1,2949120,11.980466999999999,0,1,1,14,[gpu1]CUDA_COPY_H2D_2949120B,0
670,1545575266.917639,294912017,0.000227,1,1,2949120,12.090160000000001,0,1,1,14,[gpu1]CUDA_COPY_H2D_2949120B,0
671,1545575266.9178689,17,0.000459,1,0,0,0.0,0,0,1,14,[gpu1]maxwell_dgemm_64x64_nn,0
672,1545575266.9183302,294912017,0.00023500000000000002,1,2,2949120,11.694799,1,0,1,14,[gpu1]CUDA_COPY_D2H_2949120B,0
673,1545575266.9333038,117964817,9e-05,1,1,1179648,12.156918,0,1,1,7,[gpu1]CUDA_COPY_H2D_1179648B,0
674,1545575266.9334,550502417,0.00042300000000000004,1,1,5505024,12.108863000000001,0,1,1,14,[gpu1]CUDA_COPY_H2D_5505024B,0
675,1545575266.933826,550502417,0.00042,1,1,5505024,12.220649,0,1,1,14,[gpu1]CUDA_COPY_H2D_5505024B,0
676,1545575266.934248,17,0.001808,1,0,0,0.0,0,0,1,14,[gpu1]maxwell_dgemm_64x64_nn,0
677,1545575266.936059,550502417,0.00044100000000000004,1,2,5505024,11.628144,1,0,1,14,[gpu1]CUDA_COPY_D2H_5505024B,0
678,1545575266.9504,29491217,2.4e-05,1,1,294912,11.613946,0,1,1,7,[gpu1]CUDA_COPY_H2D_294912B,0
679,1545575266.950429,255590417,0.000198,1,1,2555904,12.00522,0,1,1,14,[gpu1]CUDA_COPY_H2D_2555904B,0
680,1545575266.9506302,255590417,0.000198,1,1,2555904,12.012975,0,1,1,14,[gpu1]CUDA_COPY_H2D_2555904B,0
681,1545575266.950837,17,0.00045700000000000005,1,0,0,0.0,0,0,1,14,[gpu1]maxwell_dgemm_64x64_nn,0
682,1545575266.951297,255590417,0.00021600000000000002,1,2,2555904,11.003578,1,0,1,14,[gpu1]CUDA_COPY_D2H_2555904B,0
683,1545575266.972,471859217,0.000365,1,1,4718592,12.034436999999999,0,1,1,7,[gpu1]CUDA_COPY_H2D_4718592B,0
684,1545575266.97237,904396817,0.000704,1,1,9043968,11.965536,0,1,1,14,[gpu1]CUDA_COPY_H2D_9043968B,0
685,1545575266.9730802,17,4.5e-05,1,0,0,0.0,0,0,1,14,[gpu1]void trsm_left_kernel<double,0
686,1545575266.973126,17,4.8e-05,1,0,0,0.0,0,0,1,14,[gpu1]void magma_lds128_dgemm_kernel<bool=0,0
687,1545575266.973174,17,4.4e-05,1,0,0,0.0,0,0,1,14,[gpu1]void trsm_left_kernel<double,0
688,1545575266.973219,17,0.000167,1,0,0,0.0,0,0,1,14,[gpu1]void magma_lds128_dgemm_kernel<bool=0,0
689,1545575266.973387,17,4.4e-05,1,0,0,0.0,0,0,1,14,[gpu1]void trsm_left_kernel<double,0
690,1545575266.973432,17,4.6e-05,1,0,0,0.0,0,0,1,14,[gpu1]void magma_lds128_dgemm_kernel<bool=0,0
691,1545575266.9734778,17,4.4e-05,1,0,0,0.0,0,0,1,14,[gpu1]void trsm_left_kernel<double,0
692,1545575266.9735231,17,0.000327,1,0,0,0.0,0,0,1,14,[gpu1]void magma_lds128_dgemm_kernel<bool=0,0
693,1545575266.973851,17,4.5e-05,1,0,0,0.0,0,0,1,14,[gpu1]void trsm_left_kernel<double,0
694,1545575266.973896,17,4.6e-05,1,0,0,0.0,0,0,1,14,[gpu1]void magma_lds128_dgemm_kernel<bool=0,0
695,1545575266.973942,17,4.4e-05,1,0,0,0.0,0,0,1,14,[gpu1]void trsm_left_kernel<double,0
696,1545575266.9739869,17,0.000487,1,0,0,0.0,0,0,1,14,[gpu1]void magma_lds128_dgemm_kernel<bool=0,0
697,1545575266.974475,17,4.4e-05,1,0,0,0.0,0,0,1,14,[gpu1]void trsm_left_kernel<double,0
698,1545575266.97452,17,4.7e-05,1,0,0,0.0,0,0,1,14,[gpu1]void magma_lds128_dgemm_kernel<bool=0,0
699,1545575266.974567,17,4.4e-05,1,0,0,0.0,0,0,1,14,[gpu1]void trsm_left_kernel<double,0
700,1545575266.974612,17,0.000647,1,0,0,0.0,0,0,1,14,[gpu1]void magma_lds128_dgemm_kernel<bool=0,0
701,1545575266.97526,17,4.5e-05,1,0,0,0.0,0,0,1,14,[gpu1]void trsm_left_kernel<double,0
702,1545575266.975305,17,4.7e-05,1,0,0,0.0,0,0,1,14,[gpu1]void magma_lds128_dgemm_kernel<bool=0,0
703,1545575266.975352,17,4.4e-05,1,0,0,0.0,0,0,1,14,[gpu1]void trsm_left_kernel<double,0
704,1545575266.975399,18317,1e-06,1,0,183,0.281848,0,0,1,14,[gpu1][CUDA memset],0
705,1545575266.9754071,17,0.000763,1,0,0,0.0,0,0,1,14,[gpu1]maxwell_dgemm_64x64_nn,0
706,1545575266.976171,17,4.4e-05,1,0,0,0.0,0,0,1,14,[gpu1]void trsm_left_kernel<double,0
707,1545575266.9762151,17,4.7e-05,1,0,0,0.0,0,0,1,14,[gpu1]void magma_lds128_dgemm_kernel<bool=0,0
708,1545575266.9762619,17,4.4e-05,1,0,0,0.0,0,0,1,14,[gpu1]void trsm_left_kernel<double,0
709,1545575266.976308,904396817,0.000737,1,2,9043968,11.431325,1,0,1,14,[gpu1]CUDA_COPY_D2H_9043968B,0
710,1545575266.9777029,314572817,0.000246,1,1,3145728,11.911284,0,1,1,7,[gpu1]CUDA_COPY_H2D_3145728B,0
711,1545575266.977956,524288017,0.000424,1,1,5242880,11.507925,0,1,1,14,[gpu1]CUDA_COPY_H2D_5242880B,0
712,1545575266.978382,786432017,0.000667,1,1,7864320,10.977744,0,1,1,14,[gpu1]CUDA_COPY_H2D_7864320B,0
713,1545575266.979052,63917,1e-06,1,0,639,0.532184,0,0,1,14,[gpu1][CUDA memset],0
714,1545575266.979054,209715217,0.000168,1,1,2097152,11.658708,0,1,1,15,[gpu1]CUDA_COPY_H2D_2097152B,0
715,1545575266.979061,17,0.003036,1,0,0,0.0,0,0,1,14,[gpu1]maxwell_dgemm_64x64_nn,0
716,1545575266.979225,314572817,0.00027400000000000005,1,1,3145728,10.687609,0,1,1,15,[gpu1]CUDA_COPY_H2D_3145728B,0
717,1545575266.979501,25517,1e-06,1,0,255,0.24835300000000002,0,0,1,15,[gpu1][CUDA memset],0
718,1545575266.981465,17,0.001795,1,0,0,0.0,0,0,1,15,[gpu1]maxwell_dgemm_64x64_nn,0
719,1545575266.9821,524288017,0.000424,1,2,5242880,11.50272,1,0,1,14,[gpu1]CUDA_COPY_D2H_5242880B,0
720,1545575266.983265,209715217,0.00018,1,2,2097152,10.836907,1,0,1,15,[gpu1]CUDA_COPY_D2H_2097152B,0
721,1545575266.9834552,314572817,0.000251,1,1,3145728,11.695172999999999,0,1,1,14,[gpu1]CUDA_COPY_H2D_3145728B,0
722,1545575266.983708,734003217,0.000583,1,1,7340032,11.721711,0,1,1,14,[gpu1]CUDA_COPY_H2D_7340032B,0
723,1545575266.984294,17,0.0036119999999999998,1,0,0,0.0,0,0,1,14,[gpu1]maxwell_dgemm_64x64_nn,0
724,1545575266.984294,314572817,0.000248,1,1,3145728,11.79466,0,1,1,15,[gpu1]CUDA_COPY_H2D_3145728B,0
725,1545575266.984545,734003217,0.000588,1,1,7340032,11.631085,0,1,1,15,[gpu1]CUDA_COPY_H2D_7340032B,0
726,1545575266.985137,117964817,0.00010400000000000001,1,1,1179648,10.589538000000001,0,1,1,16,[gpu1]CUDA_COPY_H2D_1179648B,0
727,1545575266.985243,275251217,0.000225,1,1,2752512,11.3949,0,1,1,16,[gpu1]CUDA_COPY_H2D_2752512B,0
728,1545575266.9854698,33517,1e-06,1,0,335,0.543272,0,0,1,16,[gpu1][CUDA memset],0
729,1545575266.987883,17,0.003632,1,0,0,0.0,0,0,1,15,[gpu1]maxwell_dgemm_64x64_nn,0
730,1545575266.9879081,734003217,0.00056,1,2,7340032,12.208775,1,0,1,14,[gpu1]CUDA_COPY_D2H_7340032B,0
731,1545575266.991466,17,0.001816,1,0,0,0.0,0,0,1,16,[gpu1]maxwell_dgemm_64x64_nn,0
732,1545575266.991517,734003217,0.00056,1,2,7340032,12.198296000000001,1,0,1,15,[gpu1]CUDA_COPY_D2H_7340032B,0
733,1545575266.993284,275251217,0.00021899999999999998,1,2,2752512,11.723466,1,0,1,16,[gpu1]CUDA_COPY_D2H_2752512B,0
734,1545575267.010581,29491217,2.4e-05,1,1,294912,11.520415,0,1,1,7,[gpu1]CUDA_COPY_H2D_294912B,0
735,1545575267.010616,196608017,0.000152,1,1,1966080,12.03082,0,1,1,14,[gpu1]CUDA_COPY_H2D_1966080B,0
736,1545575267.0107698,196608017,0.000154,1,1,1966080,11.876084,0,1,1,14,[gpu1]CUDA_COPY_H2D_1966080B,0
737,1545575267.010933,17,0.000309,1,0,0,0.0,0,0,1,14,[gpu1]void magma_lds128_dgemm_kernel<bool=0,0
738,1545575267.011244,196608017,0.00016,1,2,1966080,11.468964999999999,1,0,1,14,[gpu1]CUDA_COPY_D2H_1966080B,0
739,1545575267.024508,117964817,9e-05,1,1,1179648,12.157052,0,1,1,7,[gpu1]CUDA_COPY_H2D_1179648B,0
740,1545575267.024603,353894417,0.000269,1,1,3538944,12.230586,0,1,1,14,[gpu1]CUDA_COPY_H2D_3538944B,0
741,1545575267.024875,353894417,0.00028199999999999997,1,1,3538944,11.677313999999999,0,1,1,14,[gpu1]CUDA_COPY_H2D_3538944B,0
742,1545575267.025203,17,0.0009140000000000001,1,0,0,0.0,0,0,1,14,[gpu1]maxwell_dgemm_64x64_nn,0
743,1545575267.026123,353894417,0.000293,1,2,3538944,11.256138,1,0,1,14,[gpu1]CUDA_COPY_D2H_3538944B,0
744,1545575267.038813,29491217,2.4e-05,1,1,294912,11.613946,0,1,1,7,[gpu1]CUDA_COPY_H2D_294912B,0
745,1545575267.038842,157286417,0.000123,1,1,1572864,11.889676,0,1,1,14,[gpu1]CUDA_COPY_H2D_1572864B,0
746,1545575267.038968,157286417,0.000136,1,1,1572864,10.757937,0,1,1,14,[gpu1]CUDA_COPY_H2D_1572864B,0
747,1545575267.039108,17,0.000248,1,0,0,0.0,0,0,1,14,[gpu1]void magma_lds128_dgemm_kernel<bool=0,0
748,1545575267.039362,157286417,0.000121,1,2,1572864,12.093753,1,0,1,14,[gpu1]CUDA_COPY_D2H_1572864B,0
749,1545575267.06669,314572817,0.000269,1,1,3145728,10.894919999999999,0,1,1,7,[gpu1]CUDA_COPY_H2D_3145728B,0
750,1545575267.0669641,419430417,0.000334,1,1,4194304,11.697811,0,1,1,14,[gpu1]CUDA_COPY_H2D_4194304B,0
751,1545575267.0673,629145617,0.000493,1,1,6291456,11.880346000000001,0,1,1,14,[gpu1]CUDA_COPY_H2D_6291456B,0
752,1545575267.067796,51117,1e-06,1,0,511,0.573122,0,0,1,14,[gpu1][CUDA memset],0
753,1545575267.067802,17,0.002412,1,0,0,0.0,0,0,1,14,[gpu1]maxwell_dgemm_64x64_nn,0
754,1545575267.070219,419430417,0.00034500000000000004,1,2,4194304,11.309777,1,0,1,14,[gpu1]CUDA_COPY_D2H_4194304B,0
755,1545575267.0705721,314572817,0.000246,1,1,3145728,11.900446,0,1,1,14,[gpu1]CUDA_COPY_H2D_3145728B,0
756,1545575267.0708199,419430417,0.000324,1,1,4194304,12.050042,0,1,1,14,[gpu1]CUDA_COPY_H2D_4194304B,0
757,1545575267.071146,51117,1e-06,1,0,511,0.827842,0,0,1,14,[gpu1][CUDA memset],0
758,1545575267.071152,17,0.002412,1,0,0,0.0,0,0,1,14,[gpu1]maxwell_dgemm_64x64_nn,0
759,1545575267.07357,419430417,0.000322,1,2,4194304,12.114582,1,0,1,14,[gpu1]CUDA_COPY_D2H_4194304B,0
760,1545575267.0862849,29491217,2.4e-05,1,1,294912,11.630175,0,1,1,7,[gpu1]CUDA_COPY_H2D_294912B,0
761,1545575267.086314,117964817,9.1e-05,1,1,1179648,12.135432000000002,0,1,1,14,[gpu1]CUDA_COPY_H2D_1179648B,0
762,1545575267.086407,117964817,9.2e-05,1,1,1179648,11.953745,0,1,1,14,[gpu1]CUDA_COPY_H2D_1179648B,0
763,1545575267.0865061,17,0.00018600000000000002,1,0,0,0.0,0,0,1,14,[gpu1]void magma_lds128_dgemm_kernel<bool=0,0
764,1545575267.086695,117964817,9e-05,1,2,1179648,12.144017,1,0,1,14,[gpu1]CUDA_COPY_D2H_1179648B,0
765,1545575267.098149,117964817,0.000102,1,1,1179648,10.782432,0,1,1,7,[gpu1]CUDA_COPY_H2D_1179648B,0
766,1545575267.098264,157286417,0.000123,1,1,1572864,11.954883,0,1,1,14,[gpu1]CUDA_COPY_H2D_1572864B,0
767,1545575267.0983891,157286417,0.00011999999999999999,1,1,1572864,12.187126,0,1,1,14,[gpu1]CUDA_COPY_H2D_1572864B,0
768,1545575267.0985131,17,0.000488,1,0,0,0.0,0,0,1,14,[gpu1]void magma_lds128_dgemm_kernel<bool=0,0
769,1545575267.099005,157286417,0.000132,1,2,1572864,11.096964999999999,1,0,1,14,[gpu1]CUDA_COPY_D2H_1572864B,0
770,1545575267.109593,29491217,2.4e-05,1,1,294912,11.629682,0,1,1,7,[gpu1]CUDA_COPY_H2D_294912B,0
771,1545575267.109621,78643217,6.1e-05,1,1,786432,11.989227,0,1,1,14,[gpu1]CUDA_COPY_H2D_786432B,0
772,1545575267.109683,78643217,6.1e-05,1,1,786432,11.97668,0,1,1,14,[gpu1]CUDA_COPY_H2D_786432B,0
773,1545575267.109752,17,0.000126,1,0,0,0.0,0,0,1,14,[gpu1]void magma_lds128_dgemm_kernel<bool=0,0
774,1545575267.109882,78643217,5.9999999999999995e-05,1,2,786432,12.122577,1,0,1,14,[gpu1]CUDA_COPY_D2H_786432B,0
775,1545575267.1243858,196608017,0.000151,1,1,1966080,12.163889999999999,0,1,1,7,[gpu1]CUDA_COPY_H2D_1966080B,0
776,1545575267.124541,65536017,5.1e-05,1,1,655360,11.854019000000001,0,1,1,14,[gpu1]CUDA_COPY_H2D_655360B,0
777,1545575267.124594,157286417,0.000192,1,1,1572864,7.615195,0,1,1,14,[gpu1]CUDA_COPY_H2D_1572864B,0
778,1545575267.124788,7917,1e-06,1,0,79,0.12254200000000001,0,0,1,14,[gpu1][CUDA memset],0
779,1545575267.124794,17,0.000609,1,0,0,0.0,0,0,1,14,[gpu1]maxwell_dgemm_64x64_nn,0
780,1545575267.125408,65536017,8e-05,1,2,655360,7.66292,1,0,1,14,[gpu1]CUDA_COPY_D2H_655360B,0
